job_id,workload_name,submission_time,requested_number_of_resources,requested_time,success,starting_time,execution_time,finish_time,waiting_time,turnaround_time,stretch,consumed_energy,allocated_resources
,req-1,0.0008,1,0.0008,1,0.0008,0.1,0.1008,0,0,0,-1,2
,req-1,0.0008,1,0.0008,1,0.0008,0.1,0.1008,0,0,0,-1,1
,req-1,0.0009,1,0.0009,1,0.0009,0.1,0.1009,0,0,0,-1,3
,req-2,0.0012,1,0.0012,1,0.0012,0.1,0.1012,0,0,0,-1,4
,req-2,0.0013,1,0.0013,1,0.0013,0.1,0.1013,0,0,0,-1,5
,req-4,0.0027,1,0.0027,1,0.0027,0.1,0.1027,0,0,0,-1,6
,req-4,0.0031,1,0.0031,1,0.0031,0.1,0.1031,0,0,0,-1,7
,req-6,0.0043,1,0.0043,1,0.0043,0.1,0.1043,0,0,0,-1,8
,req-9,0.0059,1,0.0059,1,0.0059,0.1,0.1059,0,0,0,-1,42
,req-9,0.0059,1,0.0059,1,0.0059,0.1,0.1059,0,0,0,-1,41
,req-9,0.0061,1,0.0061,1,0.0061,0.1,0.1061,0,0,0,-1,44
,req-9,0.0061,1,0.0061,1,0.0061,0.1,0.1061,0,0,0,-1,43
,req-12,0.0089,1,0.0089,1,0.0089,0.1,0.1089,0,0,0,-1,45
,req-13,0.0101,1,0.0101,1,0.0101,0.1,0.1101,0,0,0,-1,46
,req-15,0.0118,1,0.0118,1,0.0118,0.1,0.1118,0,0,0,-1,47
,req-16,0.0119,1,0.0119,1,0.0119,0.1,0.1119,0,0,0,-1,48
,req-17,0.0122,1,0.0122,1,0.0122,0.1,0.1122,0,0,0,-1,49
,req-17,0.0123,1,0.0123,1,0.0123,0.1,0.1123,0,0,0,-1,50
,req-17,0.0124,1,0.0124,1,0.0124,0.1,0.1124,0,0,0,-1,51
,req-22,0.0162,1,0.0162,1,0.0162,0.1,0.1162,0,0,0,-1,52
,req-1,0.0209,1,0.0209,1,0.0209,0.1,0.1209,0,0,0,-1,53
,req-1,0.0211,1,0.0211,1,0.0211,0.1,0.1211,0,0,0,-1,54
,req-1,0.0212,1,0.0212,1,0.0212,0.1,0.1212,0,0,0,-1,55
,req-27,0.0213,1,0.0213,1,0.0213,0.1,0.1213,0,0,0,-1,56
,req-2,0.0215,1,0.0215,1,0.0215,0.1,0.1215,0,0,0,-1,57
,req-4,0.0231,1,0.0231,1,0.0231,0.1,0.1231,0,0,0,-1,58
,req-34,0.0251,1,0.0251,1,0.0251,0.1,0.1251,0,0,0,-1,60
,req-34,0.0251,1,0.0251,1,0.0251,0.1,0.1251,0,0,0,-1,59
,req-8,0.0252,1,0.0252,1,0.0252,0.1,0.1252,0,0,0,-1,61
,req-8,0.0254,1,0.0254,1,0.0254,0.1,0.1254,0,0,0,-1,62
,req-8,0.0257,1,0.0257,1,0.0257,0.1,0.1257,0,0,0,-1,63
,req-8,0.0258,1,0.0258,1,0.0258,0.1,0.1258,0,0,0,-1,64
,req-8,0.0259,1,0.0259,1,0.0259,0.1,0.1259,0,0,0,-1,65
,req-9,0.026,1,0.026,1,0.026,0.1,0.126,0,0,0,-1,66
,req-9,0.0261,1,0.0261,1,0.0261,0.1,0.1261,0,0,0,-1,67
,req-16,0.0319,1,0.0319,1,0.0319,0.1,0.1319,0,0,0,-1,68
,req-18,0.0328,1,0.0328,1,0.0328,0.1,0.1328,0,0,0,-1,9
,req-18,0.0331,1,0.0331,1,0.0331,0.1,0.1331,0,0,0,-1,10
,req-44,0.0333,1,0.0333,1,0.0333,0.1,0.1333,0,0,0,-1,11
,req-18,0.0335,1,0.0335,1,0.0335,0.1,0.1335,0,0,0,-1,12
,req-18,0.0336,1,0.0336,1,0.0336,0.1,0.1336,0,0,0,-1,13
,req-18,0.0337,1,0.0337,1,0.0337,0.1,0.1337,0,0,0,-1,14
,req-20,0.0349,1,0.0349,1,0.0349,0.1,0.1349,0,0,0,-1,15
,req-20,0.0352,1,0.0352,1,0.0352,0.1,0.1352,0,0,0,-1,16
,req-22,0.0364,1,0.0364,1,0.0364,0.1,0.1364,0,0,0,-1,17
,req-22,0.0367,1,0.0367,1,0.0367,0.1,0.1367,0,0,0,-1,18
,req-22,0.0369,1,0.0369,1,0.0369,0.1,0.1369,0,0,0,-1,19
,req-22,0.037,1,0.037,1,0.037,0.1,0.137,0,0,0,-1,20
,req-52,0.039,1,0.039,1,0.039,0.1,0.139,0,0,0,-1,22
,req-52,0.039,1,0.039,1,0.039,0.1,0.139,0,0,0,-1,21
,req-52,0.0392,1,0.0392,1,0.0392,0.1,0.1392,0,0,0,-1,24
,req-52,0.0392,1,0.0392,1,0.0392,0.1,0.1392,0,0,0,-1,23
,req-53,0.0394,1,0.0394,1,0.0394,0.1,0.1394,0,0,0,-1,26
,req-53,0.0394,1,0.0394,1,0.0394,0.1,0.1394,0,0,0,-1,25
,req-53,0.0395,1,0.0395,1,0.0395,0.1,0.1395,0,0,0,-1,28
,req-53,0.0395,1,0.0395,1,0.0395,0.1,0.1395,0,0,0,-1,27
,req-27,0.0407,1,0.0407,1,0.0407,0.1,0.1407,0,0,0,-1,29
,req-27,0.0408,1,0.0408,1,0.0408,0.1,0.1408,0,0,0,-1,30
,req-27,0.0411,1,0.0411,1,0.0411,0.1,0.1411,0,0,0,-1,31
,req-58,0.043,1,0.043,1,0.043,0.1,0.143,0,0,0,-1,32
,req-31,0.0434,1,0.0434,1,0.0434,0.1,0.1434,0,0,0,-1,33
,req-31,0.0436,1,0.0436,1,0.0436,0.1,0.1436,0,0,0,-1,34
,req-31,0.044,1,0.044,1,0.044,0.1,0.144,0,0,0,-1,35
,req-60,0.0444,1,0.0444,1,0.0444,0.1,0.1444,0,0,0,-1,36
,req-61,0.0452,1,0.0452,1,0.0452,0.1,0.1452,0,0,0,-1,37
,req-62,0.0457,1,0.0457,1,0.0457,0.1,0.1457,0,0,0,-1,39
,req-62,0.0457,1,0.0457,1,0.0457,0.1,0.1457,0,0,0,-1,38
,req-62,0.0458,1,0.0458,1,0.0458,0.1,0.1458,0,0,0,-1,40
,req-5,0.1009,1,0.1009,1,0.1009,0.1,0.2009,0,0,0,-1,3
,req-3,0.1009,1,0.1009,1,0.1009,0.1,0.2009,0,0,0,-1,1
,req-2,0.1009,1,0.1009,1,0.1009,0.1,0.2009,0,0,0,-1,2
,req-6,0.1013,1,0.1013,1,0.1013,0.1,0.2013,0,0,0,-1,4
,req-8,0.1013,1,0.1013,1,0.1013,0.1,0.2013,0,0,0,-1,5
,req-3,0.1028,1,0.1028,1,0.1028,0.1,0.2028,0,0,0,-1,6
,req-3,0.1032,1,0.1032,1,0.1032,0.1,0.2032,0,0,0,-1,7
,req-3,0.1044,1,0.1044,1,0.1044,0.1,0.2044,0,0,0,-1,8
,req-5,0.106,1,0.106,1,0.106,0.1,0.206,0,0,0,-1,41
,req-3,0.106,1,0.106,1,0.106,0.1,0.206,0,0,0,-1,42
,req-5,0.1062,1,0.1062,1,0.1062,0.1,0.2062,0,0,0,-1,43
,req-5,0.1062,1,0.1062,1,0.1062,0.1,0.2062,0,0,0,-1,44
,req-5,0.1089,1,0.1089,1,0.1089,0.1,0.2089,0,0,0,-1,45
,req-6,0.1101,1,0.1101,1,0.1101,0.1,0.2101,0,0,0,-1,46
,req-7,0.1119,1,0.1119,1,0.1119,0.1,0.2119,0,0,0,-1,48
,req-6,0.1119,1,0.1119,1,0.1119,0.1,0.2119,0,0,0,-1,47
,req-7,0.1123,1,0.1123,1,0.1123,0.1,0.2123,0,0,0,-1,50
,req-7,0.1123,1,0.1123,1,0.1123,0.1,0.2123,0,0,0,-1,49
,req-7,0.1125,1,0.1125,1,0.1125,0.1,0.2125,0,0,0,-1,51
,req-8,0.1163,1,0.1163,1,0.1163,0.1,0.2163,0,0,0,-1,52
,req-0,0.121,1,0.121,1,0.121,0.1,0.221,0,0,0,-1,53
,req-0,0.1212,1,0.1212,1,0.1212,0.1,0.2212,0,0,0,-1,55
,req-0,0.1212,1,0.1212,1,0.1212,0.1,0.2212,0,0,0,-1,54
,req-0,0.1214,1,0.1214,1,0.1214,0.1,0.2214,0,0,0,-1,56
,req-9,0.1218,1,0.1218,1,0.1218,0.1,0.2218,0,0,0,-1,57
,req-4,0.1231,1,0.1231,1,0.1231,0.1,0.2231,0,0,0,-1,58
,req-4,0.1251,1,0.1251,1,0.1251,0.1,0.2251,0,0,0,-1,59
,req-4,0.1251,1,0.1251,1,0.1251,0.1,0.2251,0,0,0,-1,60
,req-4,0.1252,1,0.1252,1,0.1252,0.1,0.2252,0,0,0,-1,61
,req-4,0.1255,1,0.1255,1,0.1255,0.1,0.2255,0,0,0,-1,62
,req-6,0.1258,1,0.1258,1,0.1258,0.1,0.2258,0,0,0,-1,64
,req-6,0.1258,1,0.1258,1,0.1258,0.1,0.2258,0,0,0,-1,63
,req-6,0.126,1,0.126,1,0.126,0.1,0.226,0,0,0,-1,65
,req-9,0.1263,1,0.1263,1,0.1263,0.1,0.2263,0,0,0,-1,66
,req-9,0.1265,1,0.1265,1,0.1265,0.1,0.2265,0,0,0,-1,67
,req-10,0.1321,1,0.1321,1,0.1321,0.1,0.2321,0,0,0,-1,68
,req-10,0.1329,1,0.1329,1,0.1329,0.1,0.2329,0,0,0,-1,9
,req-10,0.1332,1,0.1332,1,0.1332,0.1,0.2332,0,0,0,-1,10
,req-10,0.1334,1,0.1334,1,0.1334,0.1,0.2334,0,0,0,-1,11
,req-10,0.1336,1,0.1336,1,0.1336,0.1,0.2336,0,0,0,-1,12
,req-10,0.1336,1,0.1336,1,0.1336,0.1,0.2336,0,0,0,-1,13
,req-11,0.1338,1,0.1338,1,0.1338,0.1,0.2338,0,0,0,-1,14
,req-11,0.135,1,0.135,1,0.135,0.1,0.235,0,0,0,-1,15
,req-11,0.1353,1,0.1353,1,0.1353,0.1,0.2353,0,0,0,-1,16
,req-11,0.1365,1,0.1365,1,0.1365,0.1,0.2365,0,0,0,-1,17
,req-11,0.1368,1,0.1368,1,0.1368,0.1,0.2368,0,0,0,-1,18
,req-11,0.137,1,0.137,1,0.137,0.1,0.237,0,0,0,-1,20
,req-11,0.137,1,0.137,1,0.137,0.1,0.237,0,0,0,-1,19
,req-11,0.1391,1,0.1391,1,0.1391,0.1,0.2391,0,0,0,-1,21
,req-11,0.1391,1,0.1391,1,0.1391,0.1,0.2391,0,0,0,-1,22
,req-12,0.1393,1,0.1393,1,0.1393,0.1,0.2393,0,0,0,-1,23
,req-12,0.1393,1,0.1393,1,0.1393,0.1,0.2393,0,0,0,-1,24
,req-12,0.1395,1,0.1395,1,0.1395,0.1,0.2395,0,0,0,-1,27
,req-12,0.1395,1,0.1395,1,0.1395,0.1,0.2395,0,0,0,-1,28
,req-12,0.1395,1,0.1395,1,0.1395,0.1,0.2395,0,0,0,-1,25
,req-12,0.1395,1,0.1395,1,0.1395,0.1,0.2395,0,0,0,-1,26
,req-12,0.1408,1,0.1408,1,0.1408,0.1,0.2408,0,0,0,-1,30
,req-0,0.1408,1,0.1408,1,0.1408,0.1,0.2408,0,0,0,-1,29
,req-12,0.1412,1,0.1412,1,0.1412,0.1,0.2412,0,0,0,-1,31
,req-2,0.1431,1,0.1431,1,0.1431,0.1,0.2431,0,0,0,-1,32
,req-2,0.1435,1,0.1435,1,0.1435,0.1,0.2435,0,0,0,-1,33
,req-2,0.1437,1,0.1437,1,0.1437,0.1,0.2437,0,0,0,-1,34
,req-2,0.1441,1,0.1441,1,0.1441,0.1,0.2441,0,0,0,-1,35
,req-12,0.1445,1,0.1445,1,0.1445,0.1,0.2445,0,0,0,-1,36
,req-13,0.1453,1,0.1453,1,0.1453,0.1,0.2453,0,0,0,-1,37
,req-13,0.1458,1,0.1458,1,0.1458,0.1,0.2458,0,0,0,-1,40
,req-13,0.1458,1,0.1458,1,0.1458,0.1,0.2458,0,0,0,-1,38
,req-13,0.1458,1,0.1458,1,0.1458,0.1,0.2458,0,0,0,-1,39
,req-1,0.201,1,0.201,1,0.201,0.1,0.301,0,0,0,-1,2
,req-1,0.201,1,0.201,1,0.201,0.1,0.301,0,0,0,-1,1
,req-0,0.201,1,0.201,1,0.201,0.1,0.301,0,0,0,-1,3
,req-1,0.2014,1,0.2014,1,0.2014,0.1,0.3014,0,0,0,-1,4
,req-4,0.2016,1,0.2016,1,0.2016,0.1,0.3016,0,0,0,-1,5
,req-4,0.2029,1,0.2029,1,0.2029,0.1,0.3029,0,0,0,-1,6
,req-6,0.2034,1,0.2034,1,0.2034,0.1,0.3034,0,0,0,-1,7
,req-6,0.2046,1,0.2046,1,0.2046,0.1,0.3046,0,0,0,-1,8
,req-8,0.2062,1,0.2062,1,0.2062,0.1,0.3062,0,0,0,-1,44
,req-8,0.2062,1,0.2062,1,0.2062,0.1,0.3062,0,0,0,-1,43
,req-7,0.2062,1,0.2062,1,0.2062,0.1,0.3062,0,0,0,-1,42
,req-6,0.2062,1,0.2062,1,0.2062,0.1,0.3062,0,0,0,-1,41
,req-9,0.2095,1,0.2095,1,0.2095,0.1,0.3095,0,0,0,-1,45
,req-10,0.2103,1,0.2103,1,0.2103,0.1,0.3103,0,0,0,-1,46
,req-10,0.2121,1,0.2121,1,0.2121,0.1,0.3121,0,0,0,-1,47
,req-10,0.2121,1,0.2121,1,0.2121,0.1,0.3121,0,0,0,-1,48
,req-13,0.2125,1,0.2125,1,0.2125,0.1,0.3125,0,0,0,-1,51
,req-10,0.2125,1,0.2125,1,0.2125,0.1,0.3125,0,0,0,-1,49
,req-10,0.2125,1,0.2125,1,0.2125,0.1,0.3125,0,0,0,-1,50
,req-13,0.2165,1,0.2165,1,0.2165,0.1,0.3165,0,0,0,-1,52
,req-13,0.2211,1,0.2211,1,0.2211,0.1,0.3211,0,0,0,-1,53
,req-14,0.2214,1,0.2214,1,0.2214,0.1,0.3214,0,0,0,-1,56
,req-14,0.2214,1,0.2214,1,0.2214,0.1,0.3214,0,0,0,-1,54
,req-14,0.2214,1,0.2214,1,0.2214,0.1,0.3214,0,0,0,-1,55
,req-14,0.2219,1,0.2219,1,0.2219,0.1,0.3219,0,0,0,-1,57
,req-14,0.2232,1,0.2232,1,0.2232,0.1,0.3232,0,0,0,-1,58
,req-14,0.2254,1,0.2254,1,0.2254,0.1,0.3254,0,0,0,-1,61
,req-14,0.2254,1,0.2254,1,0.2254,0.1,0.3254,0,0,0,-1,60
,req-14,0.2254,1,0.2254,1,0.2254,0.1,0.3254,0,0,0,-1,59
,req-14,0.2257,1,0.2257,1,0.2257,0.1,0.3257,0,0,0,-1,62
,req-15,0.2259,1,0.2259,1,0.2259,0.1,0.3259,0,0,0,-1,63
,req-14,0.2259,1,0.2259,1,0.2259,0.1,0.3259,0,0,0,-1,64
,req-15,0.2262,1,0.2262,1,0.2262,0.1,0.3262,0,0,0,-1,65
,req-15,0.2265,1,0.2265,1,0.2265,0.1,0.3265,0,0,0,-1,67
,req-15,0.2265,1,0.2265,1,0.2265,0.1,0.3265,0,0,0,-1,66
,req-15,0.2323,1,0.2323,1,0.2323,0.1,0.3323,0,0,0,-1,68
,req-15,0.233,1,0.233,1,0.233,0.1,0.333,0,0,0,-1,9
,req-15,0.2333,1,0.2333,1,0.2333,0.1,0.3333,0,0,0,-1,10
,req-16,0.2336,1,0.2336,1,0.2336,0.1,0.3336,0,0,0,-1,13
,req-16,0.2336,1,0.2336,1,0.2336,0.1,0.3336,0,0,0,-1,12
,req-16,0.2336,1,0.2336,1,0.2336,0.1,0.3336,0,0,0,-1,11
,req-17,0.2344,1,0.2344,1,0.2344,0.1,0.3344,0,0,0,-1,14
,req-17,0.2351,1,0.2351,1,0.2351,0.1,0.3351,0,0,0,-1,15
,req-17,0.2355,1,0.2355,1,0.2355,0.1,0.3355,0,0,0,-1,16
,req-17,0.2368,1,0.2368,1,0.2368,0.1,0.3368,0,0,0,-1,18
,req-17,0.2368,1,0.2368,1,0.2368,0.1,0.3368,0,0,0,-1,17
,req-18,0.2373,1,0.2373,1,0.2373,0.1,0.3373,0,0,0,-1,19
,req-18,0.2373,1,0.2373,1,0.2373,0.1,0.3373,0,0,0,-1,20
,req-18,0.2393,1,0.2393,1,0.2393,0.1,0.3393,0,0,0,-1,23
,req-18,0.2393,1,0.2393,1,0.2393,0.1,0.3393,0,0,0,-1,22
,req-18,0.2393,1,0.2393,1,0.2393,0.1,0.3393,0,0,0,-1,21
,req-19,0.2399,1,0.2399,1,0.2399,0.1,0.3399,0,0,0,-1,24
,req-19,0.2399,1,0.2399,1,0.2399,0.1,0.3399,0,0,0,-1,26
,req-19,0.2399,1,0.2399,1,0.2399,0.1,0.3399,0,0,0,-1,25
,req-19,0.2399,1,0.2399,1,0.2399,0.1,0.3399,0,0,0,-1,28
,req-19,0.2399,1,0.2399,1,0.2399,0.1,0.3399,0,0,0,-1,27
,req-19,0.241,1,0.241,1,0.241,0.1,0.341,0,0,0,-1,29
,req-19,0.241,1,0.241,1,0.241,0.1,0.341,0,0,0,-1,30
,req-19,0.2414,1,0.2414,1,0.2414,0.1,0.3414,0,0,0,-1,31
,req-20,0.2434,1,0.2434,1,0.2434,0.1,0.3434,0,0,0,-1,32
,req-20,0.2437,1,0.2437,1,0.2437,0.1,0.3437,0,0,0,-1,34
,req-20,0.2437,1,0.2437,1,0.2437,0.1,0.3437,0,0,0,-1,33
,req-20,0.2444,1,0.2444,1,0.2444,0.1,0.3444,0,0,0,-1,35
,req-20,0.2447,1,0.2447,1,0.2447,0.1,0.3447,0,0,0,-1,36
,req-4,0.2454,1,0.2454,1,0.2454,0.1,0.3454,0,0,0,-1,37
,req-21,0.2464,1,0.2464,1,0.2464,0.1,0.3464,0,0,0,-1,39
,req-21,0.2464,1,0.2464,1,0.2464,0.1,0.3464,0,0,0,-1,38
,req-21,0.2464,1,0.2464,1,0.2464,0.1,0.3464,0,0,0,-1,40
,req-2,0.3015,1,0.3015,1,0.3015,0.1,0.4015,0,0,0,-1,1
,req-2,0.3015,1,0.3015,1,0.3015,0.1,0.4015,0,0,0,-1,2
,req-4,0.3018,1,0.3018,1,0.3018,0.1,0.4018,0,0,0,-1,5
,req-7,0.3023,1,0.3023,1,0.3023,0.1,0.4023,0,0,0,-1,4
,req-7,0.3023,1,0.3023,1,0.3023,0.1,0.4023,0,0,0,-1,3
,req-8,0.3031,1,0.3031,1,0.3031,0.1,0.4031,0,0,0,-1,6
,req-3,0.3035,1,0.3035,1,0.3035,0.1,0.4035,0,0,0,-1,7
,req-2,0.3047,1,0.3047,1,0.3047,0.1,0.4047,0,0,0,-1,8
,req-3,0.3063,1,0.3063,1,0.3063,0.1,0.4063,0,0,0,-1,44
,req-10,0.3071,1,0.3071,1,0.3071,0.1,0.4071,0,0,0,-1,43
,req-10,0.3072,1,0.3072,1,0.3072,0.1,0.4072,0,0,0,-1,42
,req-11,0.3074,1,0.3074,1,0.3074,0.1,0.4074,0,0,0,-1,41
,req-13,0.3102,1,0.3102,1,0.3102,0.1,0.4102,0,0,0,-1,45
,req-21,0.3107,1,0.3107,1,0.3107,0.1,0.4107,0,0,0,-1,46
,req-21,0.3123,1,0.3123,1,0.3123,0.1,0.4123,0,0,0,-1,48
,req-21,0.3123,1,0.3123,1,0.3123,0.1,0.4123,0,0,0,-1,47
,req-22,0.3128,1,0.3128,1,0.3128,0.1,0.4128,0,0,0,-1,50
,req-21,0.3128,1,0.3128,1,0.3128,0.1,0.4128,0,0,0,-1,49
,req-21,0.3128,1,0.3128,1,0.3128,0.1,0.4128,0,0,0,-1,51
,req-22,0.3166,1,0.3166,1,0.3166,0.1,0.4166,0,0,0,-1,52
,req-0,0.3214,1,0.3214,1,0.3214,0.1,0.4214,0,0,0,-1,53
,req-22,0.3216,1,0.3216,1,0.3216,0.1,0.4216,0,0,0,-1,55
,req-22,0.3216,1,0.3216,1,0.3216,0.1,0.4216,0,0,0,-1,54
,req-22,0.3216,1,0.3216,1,0.3216,0.1,0.4216,0,0,0,-1,56
,req-22,0.3221,1,0.3221,1,0.3221,0.1,0.4221,0,0,0,-1,57
,req-6,0.3233,1,0.3233,1,0.3233,0.1,0.4233,0,0,0,-1,58
,req-9,0.3255,1,0.3255,1,0.3255,0.1,0.4255,0,0,0,-1,60
,req-6,0.3255,1,0.3255,1,0.3255,0.1,0.4255,0,0,0,-1,61
,req-23,0.3257,1,0.3257,1,0.3257,0.1,0.4257,0,0,0,-1,62
,req-23,0.3257,1,0.3257,1,0.3257,0.1,0.4257,0,0,0,-1,59
,req-4,0.326,1,0.326,1,0.326,0.1,0.426,0,0,0,-1,63
,req-23,0.3262,1,0.3262,1,0.3262,0.1,0.4262,0,0,0,-1,64
,req-23,0.3262,1,0.3262,1,0.3262,0.1,0.4262,0,0,0,-1,65
,req-9,0.3266,1,0.3266,1,0.3266,0.1,0.4266,0,0,0,-1,66
,req-9,0.3266,1,0.3266,1,0.3266,0.1,0.4266,0,0,0,-1,67
,req-8,0.3325,1,0.3325,1,0.3325,0.1,0.4325,0,0,0,-1,68
,req-9,0.3332,1,0.3332,1,0.3332,0.1,0.4332,0,0,0,-1,9
,req-10,0.3334,1,0.3334,1,0.3334,0.1,0.4334,0,0,0,-1,10
,req-10,0.3337,1,0.3337,1,0.3337,0.1,0.4337,0,0,0,-1,13
,req-23,0.3346,1,0.3346,1,0.3346,0.1,0.4346,0,0,0,-1,11
,req-23,0.3346,1,0.3346,1,0.3346,0.1,0.4346,0,0,0,-1,12
,req-23,0.3346,1,0.3346,1,0.3346,0.1,0.4346,0,0,0,-1,14
,req-23,0.3353,1,0.3353,1,0.3353,0.1,0.4353,0,0,0,-1,15
,req-23,0.3358,1,0.3358,1,0.3358,0.1,0.4358,0,0,0,-1,16
,req-23,0.3371,1,0.3371,1,0.3371,0.1,0.4371,0,0,0,-1,17
,req-23,0.3371,1,0.3371,1,0.3371,0.1,0.4371,0,0,0,-1,18
,req-24,0.3375,1,0.3375,1,0.3375,0.1,0.4375,0,0,0,-1,20
,req-24,0.3375,1,0.3375,1,0.3375,0.1,0.4375,0,0,0,-1,19
,req-24,0.3397,1,0.3397,1,0.3397,0.1,0.4397,0,0,0,-1,21
,req-24,0.3397,1,0.3397,1,0.3397,0.1,0.4397,0,0,0,-1,22
,req-24,0.3397,1,0.3397,1,0.3397,0.1,0.4397,0,0,0,-1,23
,req-18,0.34,1,0.34,1,0.34,0.1,0.44,0,0,0,-1,24
,req-25,0.3402,1,0.3402,1,0.3402,0.1,0.4402,0,0,0,-1,27
,req-24,0.3402,1,0.3402,1,0.3402,0.1,0.4402,0,0,0,-1,28
,req-24,0.3402,1,0.3402,1,0.3402,0.1,0.4402,0,0,0,-1,25
,req-24,0.3402,1,0.3402,1,0.3402,0.1,0.4402,0,0,0,-1,26
,req-25,0.3412,1,0.3412,1,0.3412,0.1,0.4412,0,0,0,-1,30
,req-25,0.3412,1,0.3412,1,0.3412,0.1,0.4412,0,0,0,-1,29
,req-19,0.3418,1,0.3418,1,0.3418,0.1,0.4418,0,0,0,-1,31
,req-5,0.3435,1,0.3435,1,0.3435,0.1,0.4435,0,0,0,-1,32
,req-5,0.3438,1,0.3438,1,0.3438,0.1,0.4438,0,0,0,-1,33
,req-5,0.3438,1,0.3438,1,0.3438,0.1,0.4438,0,0,0,-1,34
,req-25,0.3449,1,0.3449,1,0.3449,0.1,0.4449,0,0,0,-1,36
,req-25,0.3449,1,0.3449,1,0.3449,0.1,0.4449,0,0,0,-1,35
,req-25,0.3455,1,0.3455,1,0.3455,0.1,0.4455,0,0,0,-1,37
,req-25,0.3469,1,0.3469,1,0.3469,0.1,0.4469,0,0,0,-1,40
,req-25,0.3469,1,0.3469,1,0.3469,0.1,0.4469,0,0,0,-1,38
,req-25,0.3469,1,0.3469,1,0.3469,0.1,0.4469,0,0,0,-1,39
,req-1,0.4016,1,0.4016,1,0.4016,0.1,0.5016,0,0,0,-1,2
,req-1,0.4016,1,0.4016,1,0.4016,0.1,0.5016,0,0,0,-1,1
,req-2,0.4019,1,0.4019,1,0.4019,0.1,0.5019,0,0,0,-1,5
,req-4,0.4024,1,0.4024,1,0.4024,0.1,0.5024,0,0,0,-1,4
,req-9,0.4027,1,0.4027,1,0.4027,0.1,0.5027,0,0,0,-1,3
,req-12,0.4036,1,0.4036,1,0.4036,0.1,0.5036,0,0,0,-1,7
,req-11,0.4036,1,0.4036,1,0.4036,0.1,0.5036,0,0,0,-1,6
,req-12,0.4048,1,0.4048,1,0.4048,0.1,0.5048,0,0,0,-1,8
,req-3,0.4064,1,0.4064,1,0.4064,0.1,0.5064,0,0,0,-1,44
,req-6,0.4073,1,0.4073,1,0.4073,0.1,0.5073,0,0,0,-1,43
,req-12,0.4074,1,0.4074,1,0.4074,0.1,0.5074,0,0,0,-1,41
,req-12,0.4074,1,0.4074,1,0.4074,0.1,0.5074,0,0,0,-1,42
,req-11,0.4103,1,0.4103,1,0.4103,0.1,0.5103,0,0,0,-1,45
,req-12,0.4108,1,0.4108,1,0.4108,0.1,0.5108,0,0,0,-1,46
,req-13,0.4124,1,0.4124,1,0.4124,0.1,0.5124,0,0,0,-1,47
,req-13,0.4124,1,0.4124,1,0.4124,0.1,0.5124,0,0,0,-1,48
,req-14,0.4129,1,0.4129,1,0.4129,0.1,0.5129,0,0,0,-1,51
,req-13,0.4129,1,0.4129,1,0.4129,0.1,0.5129,0,0,0,-1,49
,req-13,0.4129,1,0.4129,1,0.4129,0.1,0.5129,0,0,0,-1,50
,req-11,0.4167,1,0.4167,1,0.4167,0.1,0.5167,0,0,0,-1,52
,req-0,0.4215,1,0.4215,1,0.4215,0.1,0.5215,0,0,0,-1,53
,req-14,0.4218,1,0.4218,1,0.4218,0.1,0.5218,0,0,0,-1,55
,req-16,0.4223,1,0.4223,1,0.4223,0.1,0.5223,0,0,0,-1,57
,req-16,0.4223,1,0.4223,1,0.4223,0.1,0.5223,0,0,0,-1,54
,req-6,0.4225,1,0.4225,1,0.4225,0.1,0.5225,0,0,0,-1,56
,req-17,0.4234,1,0.4234,1,0.4234,0.1,0.5234,0,0,0,-1,58
,req-17,0.4258,1,0.4258,1,0.4258,0.1,0.5258,0,0,0,-1,61
,req-17,0.4258,1,0.4258,1,0.4258,0.1,0.5258,0,0,0,-1,59
,req-17,0.4258,1,0.4258,1,0.4258,0.1,0.5258,0,0,0,-1,60
,req-18,0.4259,1,0.4259,1,0.4259,0.1,0.5259,0,0,0,-1,62
,req-18,0.4262,1,0.4262,1,0.4262,0.1,0.5262,0,0,0,-1,63
,req-19,0.4265,1,0.4265,1,0.4265,0.1,0.5265,0,0,0,-1,64
,req-19,0.4267,1,0.4267,1,0.4267,0.1,0.5267,0,0,0,-1,66
,req-14,0.4267,1,0.4267,1,0.4267,0.1,0.5267,0,0,0,-1,65
,req-21,0.427,1,0.427,1,0.427,0.1,0.527,0,0,0,-1,67
,req-26,0.4337,1,0.4337,1,0.4337,0.1,0.5337,0,0,0,-1,13
,req-26,0.4337,1,0.4337,1,0.4337,0.1,0.5337,0,0,0,-1,10
,req-26,0.4337,1,0.4337,1,0.4337,0.1,0.5337,0,0,0,-1,9
,req-26,0.4337,1,0.4337,1,0.4337,0.1,0.5337,0,0,0,-1,68
,req-26,0.4352,1,0.4352,1,0.4352,0.1,0.5352,0,0,0,-1,12
,req-26,0.4352,1,0.4352,1,0.4352,0.1,0.5352,0,0,0,-1,11
,req-26,0.4352,1,0.4352,1,0.4352,0.1,0.5352,0,0,0,-1,14
,req-26,0.4354,1,0.4354,1,0.4354,0.1,0.5354,0,0,0,-1,15
,req-27,0.436,1,0.436,1,0.436,0.1,0.536,0,0,0,-1,16
,req-27,0.4373,1,0.4373,1,0.4373,0.1,0.5373,0,0,0,-1,18
,req-27,0.4373,1,0.4373,1,0.4373,0.1,0.5373,0,0,0,-1,17
,req-28,0.4376,1,0.4376,1,0.4376,0.1,0.5376,0,0,0,-1,19
,req-27,0.4376,1,0.4376,1,0.4376,0.1,0.5376,0,0,0,-1,20
,req-28,0.4401,1,0.4401,1,0.4401,0.1,0.5401,0,0,0,-1,24
,req-28,0.4401,1,0.4401,1,0.4401,0.1,0.5401,0,0,0,-1,23
,req-28,0.4401,1,0.4401,1,0.4401,0.1,0.5401,0,0,0,-1,22
,req-28,0.4401,1,0.4401,1,0.4401,0.1,0.5401,0,0,0,-1,21
,req-29,0.4404,1,0.4404,1,0.4404,0.1,0.5404,0,0,0,-1,26
,req-29,0.4404,1,0.4404,1,0.4404,0.1,0.5404,0,0,0,-1,25
,req-29,0.4404,1,0.4404,1,0.4404,0.1,0.5404,0,0,0,-1,28
,req-24,0.4404,1,0.4404,1,0.4404,0.1,0.5404,0,0,0,-1,27
,req-0,0.4413,1,0.4413,1,0.4413,0.1,0.5413,0,0,0,-1,30
,req-1,0.4414,1,0.4414,1,0.4414,0.1,0.5414,0,0,0,-1,29
,req-29,0.4419,1,0.4419,1,0.4419,0.1,0.5419,0,0,0,-1,31
,req-7,0.4436,1,0.4436,1,0.4436,0.1,0.5436,0,0,0,-1,32
,req-29,0.444,1,0.444,1,0.444,0.1,0.544,0,0,0,-1,34
,req-8,0.444,1,0.444,1,0.444,0.1,0.544,0,0,0,-1,33
,req-30,0.4451,1,0.4451,1,0.4451,0.1,0.5451,0,0,0,-1,35
,req-29,0.4451,1,0.4451,1,0.4451,0.1,0.5451,0,0,0,-1,36
,req-30,0.4457,1,0.4457,1,0.4457,0.1,0.5457,0,0,0,-1,37
,req-19,0.447,1,0.447,1,0.447,0.1,0.547,0,0,0,-1,40
,req-30,0.4472,1,0.4472,1,0.4472,0.1,0.5472,0,0,0,-1,39
,req-30,0.4472,1,0.4472,1,0.4472,0.1,0.5472,0,0,0,-1,38
,req-4,0.5018,1,0.5018,1,0.5018,0.1,0.6018,0,0,0,-1,1
,req-2,0.5018,1,0.5018,1,0.5018,0.1,0.6018,0,0,0,-1,2
,req-6,0.5022,1,0.5022,1,0.5022,0.1,0.6022,0,0,0,-1,5
,req-9,0.5026,1,0.5026,1,0.5026,0.1,0.6026,0,0,0,-1,4
,req-9,0.5028,1,0.5028,1,0.5028,0.1,0.6028,0,0,0,-1,3
,req-15,0.5038,1,0.5038,1,0.5038,0.1,0.6038,0,0,0,-1,6
,req-15,0.5038,1,0.5038,1,0.5038,0.1,0.6038,0,0,0,-1,7
,req-15,0.5049,1,0.5049,1,0.5049,0.1,0.6049,0,0,0,-1,8
,req-14,0.5066,1,0.5066,1,0.5066,0.1,0.6066,0,0,0,-1,44
,req-15,0.5074,1,0.5074,1,0.5074,0.1,0.6074,0,0,0,-1,42
,req-14,0.5074,1,0.5074,1,0.5074,0.1,0.6074,0,0,0,-1,41
,req-11,0.5074,1,0.5074,1,0.5074,0.1,0.6074,0,0,0,-1,43
,req-15,0.5105,1,0.5105,1,0.5105,0.1,0.6105,0,0,0,-1,45
,req-16,0.5112,1,0.5112,1,0.5112,0.1,0.6112,0,0,0,-1,46
,req-17,0.5125,1,0.5125,1,0.5125,0.1,0.6125,0,0,0,-1,48
,req-17,0.5125,1,0.5125,1,0.5125,0.1,0.6125,0,0,0,-1,47
,req-20,0.5134,1,0.5134,1,0.5134,0.1,0.6134,0,0,0,-1,50
,req-18,0.5134,1,0.5134,1,0.5134,0.1,0.6134,0,0,0,-1,49
,req-18,0.5134,1,0.5134,1,0.5134,0.1,0.6134,0,0,0,-1,51
,req-30,0.5182,1,0.5182,1,0.5182,0.1,0.6182,0,0,0,-1,52
,req-30,0.5217,1,0.5217,1,0.5217,0.1,0.6217,0,0,0,-1,53
,req-1,0.5219,1,0.5219,1,0.5219,0.1,0.6219,0,0,0,-1,55
,req-14,0.5224,1,0.5224,1,0.5224,0.1,0.6224,0,0,0,-1,54
,req-30,0.5224,1,0.5224,1,0.5224,0.1,0.6224,0,0,0,-1,57
,req-16,0.5227,1,0.5227,1,0.5227,0.1,0.6227,0,0,0,-1,56
,req-30,0.524,1,0.524,1,0.524,0.1,0.624,0,0,0,-1,58
,req-31,0.526,1,0.526,1,0.526,0.1,0.626,0,0,0,-1,62
,req-31,0.526,1,0.526,1,0.526,0.1,0.626,0,0,0,-1,61
,req-31,0.526,1,0.526,1,0.526,0.1,0.626,0,0,0,-1,60
,req-31,0.526,1,0.526,1,0.526,0.1,0.626,0,0,0,-1,59
,req-31,0.5263,1,0.5263,1,0.5263,0.1,0.6263,0,0,0,-1,63
,req-32,0.5267,1,0.5267,1,0.5267,0.1,0.6267,0,0,0,-1,65
,req-32,0.5267,1,0.5267,1,0.5267,0.1,0.6267,0,0,0,-1,66
,req-32,0.5267,1,0.5267,1,0.5267,0.1,0.6267,0,0,0,-1,64
,req-25,0.5271,1,0.5271,1,0.5271,0.1,0.6271,0,0,0,-1,67
,req-32,0.5339,1,0.5339,1,0.5339,0.1,0.6339,0,0,0,-1,13
,req-33,0.5339,1,0.5339,1,0.5339,0.1,0.6339,0,0,0,-1,9
,req-33,0.5339,1,0.5339,1,0.5339,0.1,0.6339,0,0,0,-1,10
,req-32,0.5339,1,0.5339,1,0.5339,0.1,0.6339,0,0,0,-1,68
,req-33,0.5358,1,0.5358,1,0.5358,0.1,0.6358,0,0,0,-1,15
,req-33,0.5358,1,0.5358,1,0.5358,0.1,0.6358,0,0,0,-1,14
,req-33,0.5358,1,0.5358,1,0.5358,0.1,0.6358,0,0,0,-1,11
,req-33,0.5358,1,0.5358,1,0.5358,0.1,0.6358,0,0,0,-1,12
,req-34,0.5362,1,0.5362,1,0.5362,0.1,0.6362,0,0,0,-1,16
,req-23,0.5374,1,0.5374,1,0.5374,0.1,0.6374,0,0,0,-1,17
,req-22,0.5374,1,0.5374,1,0.5374,0.1,0.6374,0,0,0,-1,18
,req-34,0.538,1,0.538,1,0.538,0.1,0.638,0,0,0,-1,20
,req-34,0.538,1,0.538,1,0.538,0.1,0.638,0,0,0,-1,19
,req-24,0.5402,1,0.5402,1,0.5402,0.1,0.6402,0,0,0,-1,24
,req-35,0.5409,1,0.5409,1,0.5409,0.1,0.6409,0,0,0,-1,27
,req-35,0.5409,1,0.5409,1,0.5409,0.1,0.6409,0,0,0,-1,28
,req-35,0.5409,1,0.5409,1,0.5409,0.1,0.6409,0,0,0,-1,25
,req-35,0.5409,1,0.5409,1,0.5409,0.1,0.6409,0,0,0,-1,26
,req-35,0.5409,1,0.5409,1,0.5409,0.1,0.6409,0,0,0,-1,21
,req-34,0.5409,1,0.5409,1,0.5409,0.1,0.6409,0,0,0,-1,22
,req-34,0.5409,1,0.5409,1,0.5409,0.1,0.6409,0,0,0,-1,23
,req-35,0.5416,1,0.5416,1,0.5416,0.1,0.6416,0,0,0,-1,29
,req-35,0.5416,1,0.5416,1,0.5416,0.1,0.6416,0,0,0,-1,30
,req-35,0.542,1,0.542,1,0.542,0.1,0.642,0,0,0,-1,31
,req-35,0.5438,1,0.5438,1,0.5438,0.1,0.6438,0,0,0,-1,32
,req-36,0.5443,1,0.5443,1,0.5443,0.1,0.6443,0,0,0,-1,33
,req-35,0.5443,1,0.5443,1,0.5443,0.1,0.6443,0,0,0,-1,34
,req-36,0.5454,1,0.5454,1,0.5454,0.1,0.6454,0,0,0,-1,36
,req-36,0.5454,1,0.5454,1,0.5454,0.1,0.6454,0,0,0,-1,35
,req-36,0.5458,1,0.5458,1,0.5458,0.1,0.6458,0,0,0,-1,37
,req-19,0.5472,1,0.5472,1,0.5472,0.1,0.6472,0,0,0,-1,40
,req-25,0.5473,1,0.5473,1,0.5473,0.1,0.6473,0,0,0,-1,39
,req-36,0.5475,1,0.5475,1,0.5475,0.1,0.6475,0,0,0,-1,38
,req-1,0.6019,1,0.6019,1,0.6019,0.1,0.7019,0,0,0,-1,1
,req-2,0.602,1,0.602,1,0.602,0.1,0.702,0,0,0,-1,2
,req-5,0.6025,1,0.6025,1,0.6025,0.1,0.7025,0,0,0,-1,5
,req-10,0.6034,1,0.6034,1,0.6034,0.1,0.7034,0,0,0,-1,4
,req-10,0.6035,1,0.6035,1,0.6035,0.1,0.7035,0,0,0,-1,3
,req-10,0.6039,1,0.6039,1,0.6039,0.1,0.7039,0,0,0,-1,6
,req-18,0.6041,1,0.6041,1,0.6041,0.1,0.7041,0,0,0,-1,7
,req-18,0.6052,1,0.6052,1,0.6052,0.1,0.7052,0,0,0,-1,8
,req-19,0.6068,1,0.6068,1,0.6068,0.1,0.7068,0,0,0,-1,44
,req-8,0.6075,1,0.6075,1,0.6075,0.1,0.7075,0,0,0,-1,42
,req-21,0.6077,1,0.6077,1,0.6077,0.1,0.7077,0,0,0,-1,43
,req-21,0.6077,1,0.6077,1,0.6077,0.1,0.7077,0,0,0,-1,41
,req-22,0.6107,1,0.6107,1,0.6107,0.1,0.7107,0,0,0,-1,45
,req-12,0.6113,1,0.6113,1,0.6113,0.1,0.7113,0,0,0,-1,46
,req-22,0.6128,1,0.6128,1,0.6128,0.1,0.7128,0,0,0,-1,47
,req-22,0.6128,1,0.6128,1,0.6128,0.1,0.7128,0,0,0,-1,48
,req-23,0.6135,1,0.6135,1,0.6135,0.1,0.7135,0,0,0,-1,51
,req-22,0.6135,1,0.6135,1,0.6135,0.1,0.7135,0,0,0,-1,49
,req-13,0.6135,1,0.6135,1,0.6135,0.1,0.7135,0,0,0,-1,50
,req-21,0.6184,1,0.6184,1,0.6184,0.1,0.7184,0,0,0,-1,52
,req-0,0.6218,1,0.6218,1,0.6218,0.1,0.7218,0,0,0,-1,53
,req-0,0.622,1,0.622,1,0.622,0.1,0.722,0,0,0,-1,55
,req-4,0.6225,1,0.6225,1,0.6225,0.1,0.7225,0,0,0,-1,54
,req-23,0.6226,1,0.6226,1,0.6226,0.1,0.7226,0,0,0,-1,57
,req-23,0.6229,1,0.6229,1,0.6229,0.1,0.7229,0,0,0,-1,56
,req-11,0.6241,1,0.6241,1,0.6241,0.1,0.7241,0,0,0,-1,58
,req-25,0.6261,1,0.6261,1,0.6261,0.1,0.7261,0,0,0,-1,61
,req-24,0.6261,1,0.6261,1,0.6261,0.1,0.7261,0,0,0,-1,62
,req-24,0.6261,1,0.6261,1,0.6261,0.1,0.7261,0,0,0,-1,59
,req-23,0.6261,1,0.6261,1,0.6261,0.1,0.7261,0,0,0,-1,60
,req-25,0.6264,1,0.6264,1,0.6264,0.1,0.7264,0,0,0,-1,63
,req-25,0.6268,1,0.6268,1,0.6268,0.1,0.7268,0,0,0,-1,64
,req-20,0.6269,1,0.6269,1,0.6269,0.1,0.7269,0,0,0,-1,65
,req-20,0.627,1,0.627,1,0.627,0.1,0.727,0,0,0,-1,66
,req-26,0.6273,1,0.6273,1,0.6273,0.1,0.7273,0,0,0,-1,67
,req-26,0.6341,1,0.6341,1,0.6341,0.1,0.7341,0,0,0,-1,68
,req-28,0.6346,1,0.6346,1,0.6346,0.1,0.7346,0,0,0,-1,13
,req-30,0.635,1,0.635,1,0.635,0.1,0.735,0,0,0,-1,10
,req-23,0.635,1,0.635,1,0.635,0.1,0.735,0,0,0,-1,9
,req-36,0.6372,1,0.6372,1,0.6372,0.1,0.7372,0,0,0,-1,16
,req-36,0.6372,1,0.6372,1,0.6372,0.1,0.7372,0,0,0,-1,14
,req-36,0.6372,1,0.6372,1,0.6372,0.1,0.7372,0,0,0,-1,15
,req-36,0.6372,1,0.6372,1,0.6372,0.1,0.7372,0,0,0,-1,12
,req-36,0.6372,1,0.6372,1,0.6372,0.1,0.7372,0,0,0,-1,11
,req-37,0.6376,1,0.6376,1,0.6376,0.1,0.7376,0,0,0,-1,18
,req-37,0.6376,1,0.6376,1,0.6376,0.1,0.7376,0,0,0,-1,17
,req-37,0.6382,1,0.6382,1,0.6382,0.1,0.7382,0,0,0,-1,19
,req-37,0.6382,1,0.6382,1,0.6382,0.1,0.7382,0,0,0,-1,20
,req-8,0.6403,1,0.6403,1,0.6403,0.1,0.7403,0,0,0,-1,24
,req-37,0.6413,1,0.6413,1,0.6413,0.1,0.7413,0,0,0,-1,26
,req-37,0.6413,1,0.6413,1,0.6413,0.1,0.7413,0,0,0,-1,25
,req-37,0.6413,1,0.6413,1,0.6413,0.1,0.7413,0,0,0,-1,28
,req-37,0.6413,1,0.6413,1,0.6413,0.1,0.7413,0,0,0,-1,27
,req-37,0.6413,1,0.6413,1,0.6413,0.1,0.7413,0,0,0,-1,23
,req-37,0.6413,1,0.6413,1,0.6413,0.1,0.7413,0,0,0,-1,22
,req-37,0.6413,1,0.6413,1,0.6413,0.1,0.7413,0,0,0,-1,21
,req-38,0.6419,1,0.6419,1,0.6419,0.1,0.7419,0,0,0,-1,30
,req-38,0.6419,1,0.6419,1,0.6419,0.1,0.7419,0,0,0,-1,29
,req-38,0.6422,1,0.6422,1,0.6422,0.1,0.7422,0,0,0,-1,31
,req-7,0.6439,1,0.6439,1,0.6439,0.1,0.7439,0,0,0,-1,32
,req-38,0.6448,1,0.6448,1,0.6448,0.1,0.7448,0,0,0,-1,34
,req-38,0.6448,1,0.6448,1,0.6448,0.1,0.7448,0,0,0,-1,33
,req-10,0.6455,1,0.6455,1,0.6455,0.1,0.7455,0,0,0,-1,36
,req-36,0.6456,1,0.6456,1,0.6456,0.1,0.7456,0,0,0,-1,35
,req-38,0.6459,1,0.6459,1,0.6459,0.1,0.7459,0,0,0,-1,37
,req-38,0.6475,1,0.6475,1,0.6475,0.1,0.7475,0,0,0,-1,38
,req-38,0.6475,1,0.6475,1,0.6475,0.1,0.7475,0,0,0,-1,39
,req-38,0.6475,1,0.6475,1,0.6475,0.1,0.7475,0,0,0,-1,40
,req-2,0.7021,1,0.7021,1,0.7021,0.1,0.8021,0,0,0,-1,2
,req-2,0.7021,1,0.7021,1,0.7021,0.1,0.8021,0,0,0,-1,1
,req-4,0.7026,1,0.7026,1,0.7026,0.1,0.8026,0,0,0,-1,5
,req-9,0.7038,1,0.7038,1,0.7038,0.1,0.8038,0,0,0,-1,3
,req-8,0.7038,1,0.7038,1,0.7038,0.1,0.8038,0,0,0,-1,4
,req-13,0.7042,1,0.7042,1,0.7042,0.1,0.8042,0,0,0,-1,7
,req-12,0.7042,1,0.7042,1,0.7042,0.1,0.8042,0,0,0,-1,6
,req-13,0.7053,1,0.7053,1,0.7053,0.1,0.8053,0,0,0,-1,8
,req-3,0.7069,1,0.7069,1,0.7069,0.1,0.8069,0,0,0,-1,44
,req-15,0.7079,1,0.7079,1,0.7079,0.1,0.8079,0,0,0,-1,43
,req-15,0.7079,1,0.7079,1,0.7079,0.1,0.8079,0,0,0,-1,42
,req-16,0.708,1,0.708,1,0.708,0.1,0.808,0,0,0,-1,41
,req-17,0.7109,1,0.7109,1,0.7109,0.1,0.8109,0,0,0,-1,45
,req-19,0.7118,1,0.7118,1,0.7118,0.1,0.8118,0,0,0,-1,46
,req-22,0.7131,1,0.7131,1,0.7131,0.1,0.8131,0,0,0,-1,47
,req-23,0.7132,1,0.7132,1,0.7132,0.1,0.8132,0,0,0,-1,48
,req-26,0.7137,1,0.7137,1,0.7137,0.1,0.8137,0,0,0,-1,50
,req-26,0.7137,1,0.7137,1,0.7137,0.1,0.8137,0,0,0,-1,49
,req-26,0.7137,1,0.7137,1,0.7137,0.1,0.8137,0,0,0,-1,51
,req-17,0.7186,1,0.7186,1,0.7186,0.1,0.8186,0,0,0,-1,52
,req-19,0.7219,1,0.7219,1,0.7219,0.1,0.8219,0,0,0,-1,53
,req-26,0.7223,1,0.7223,1,0.7223,0.1,0.8223,0,0,0,-1,55
,req-27,0.7226,1,0.7226,1,0.7226,0.1,0.8226,0,0,0,-1,57
,req-27,0.7226,1,0.7226,1,0.7226,0.1,0.8226,0,0,0,-1,54
,req-30,0.7231,1,0.7231,1,0.7231,0.1,0.8231,0,0,0,-1,56
,req-4,0.7242,1,0.7242,1,0.7242,0.1,0.8242,0,0,0,-1,58
,req-12,0.7262,1,0.7262,1,0.7262,0.1,0.8262,0,0,0,-1,59
,req-31,0.7274,1,0.7274,1,0.7274,0.1,0.8274,0,0,0,-1,60
,req-33,0.7277,1,0.7277,1,0.7277,0.1,0.8277,0,0,0,-1,65
,req-34,0.728,1,0.728,1,0.728,0.1,0.828,0,0,0,-1,66
,req-39,0.7287,1,0.7287,1,0.7287,0.1,0.8287,0,0,0,-1,64
,req-39,0.7287,1,0.7287,1,0.7287,0.1,0.8287,0,0,0,-1,63
,req-39,0.7287,1,0.7287,1,0.7287,0.1,0.8287,0,0,0,-1,62
,req-39,0.7287,1,0.7287,1,0.7287,0.1,0.8287,0,0,0,-1,61
,req-38,0.7287,1,0.7287,1,0.7287,0.1,0.8287,0,0,0,-1,67
,req-39,0.7342,1,0.7342,1,0.7342,0.1,0.8342,0,0,0,-1,68
,req-39,0.7347,1,0.7347,1,0.7347,0.1,0.8347,0,0,0,-1,13
,req-39,0.7351,1,0.7351,1,0.7351,0.1,0.8351,0,0,0,-1,9
,req-39,0.7351,1,0.7351,1,0.7351,0.1,0.8351,0,0,0,-1,10
,req-41,0.7376,1,0.7376,1,0.7376,0.1,0.8376,0,0,0,-1,15
,req-41,0.7376,1,0.7376,1,0.7376,0.1,0.8376,0,0,0,-1,14
,req-41,0.7376,1,0.7376,1,0.7376,0.1,0.8376,0,0,0,-1,16
,req-40,0.7376,1,0.7376,1,0.7376,0.1,0.8376,0,0,0,-1,11
,req-40,0.7376,1,0.7376,1,0.7376,0.1,0.8376,0,0,0,-1,12
,req-40,0.7376,1,0.7376,1,0.7376,0.1,0.8376,0,0,0,-1,17
,req-40,0.7376,1,0.7376,1,0.7376,0.1,0.8376,0,0,0,-1,18
,req-41,0.7384,1,0.7384,1,0.7384,0.1,0.8384,0,0,0,-1,20
,req-41,0.7384,1,0.7384,1,0.7384,0.1,0.8384,0,0,0,-1,19
,req-28,0.7404,1,0.7404,1,0.7404,0.1,0.8404,0,0,0,-1,24
,req-34,0.7414,1,0.7414,1,0.7414,0.1,0.8414,0,0,0,-1,26
,req-28,0.7414,1,0.7414,1,0.7414,0.1,0.8414,0,0,0,-1,21
,req-28,0.7414,1,0.7414,1,0.7414,0.1,0.8414,0,0,0,-1,22
,req-28,0.7414,1,0.7414,1,0.7414,0.1,0.8414,0,0,0,-1,23
,req-41,0.742,1,0.742,1,0.742,0.1,0.842,0,0,0,-1,29
,req-41,0.742,1,0.742,1,0.742,0.1,0.842,0,0,0,-1,30
,req-42,0.742,1,0.742,1,0.742,0.1,0.842,0,0,0,-1,27
,req-41,0.742,1,0.742,1,0.742,0.1,0.842,0,0,0,-1,28
,req-41,0.742,1,0.742,1,0.742,0.1,0.842,0,0,0,-1,25
,req-42,0.7424,1,0.7424,1,0.7424,0.1,0.8424,0,0,0,-1,31
,req-6,0.744,1,0.744,1,0.744,0.1,0.844,0,0,0,-1,32
,req-6,0.7449,1,0.7449,1,0.7449,0.1,0.8449,0,0,0,-1,34
,req-42,0.745,1,0.745,1,0.745,0.1,0.845,0,0,0,-1,33
,req-42,0.7456,1,0.7456,1,0.7456,0.1,0.8456,0,0,0,-1,35
,req-42,0.7456,1,0.7456,1,0.7456,0.1,0.8456,0,0,0,-1,36
,req-42,0.7461,1,0.7461,1,0.7461,0.1,0.8461,0,0,0,-1,37
,req-31,0.7478,1,0.7478,1,0.7478,0.1,0.8478,0,0,0,-1,39
,req-31,0.7478,1,0.7478,1,0.7478,0.1,0.8478,0,0,0,-1,38
,req-33,0.7479,1,0.7479,1,0.7479,0.1,0.8479,0,0,0,-1,40
,req-1,0.8022,1,0.8022,1,0.8022,0.1,0.9022,0,0,0,-1,2
,req-8,0.8025,1,0.8025,1,0.8025,0.1,0.9025,0,0,0,-1,1
,req-9,0.8027,1,0.8027,1,0.8027,0.1,0.9027,0,0,0,-1,5
,req-11,0.8039,1,0.8039,1,0.8039,0.1,0.9039,0,0,0,-1,4
,req-9,0.8039,1,0.8039,1,0.8039,0.1,0.9039,0,0,0,-1,3
,req-14,0.8045,1,0.8045,1,0.8045,0.1,0.9045,0,0,0,-1,6
,req-14,0.8045,1,0.8045,1,0.8045,0.1,0.9045,0,0,0,-1,7
,req-16,0.8055,1,0.8055,1,0.8055,0.1,0.9055,0,0,0,-1,8
,req-18,0.8071,1,0.8071,1,0.8071,0.1,0.9071,0,0,0,-1,44
,req-18,0.8081,1,0.8081,1,0.8081,0.1,0.9081,0,0,0,-1,43
,req-20,0.8082,1,0.8082,1,0.8082,0.1,0.9082,0,0,0,-1,41
,req-20,0.8082,1,0.8082,1,0.8082,0.1,0.9082,0,0,0,-1,42
,req-21,0.8112,1,0.8112,1,0.8112,0.1,0.9112,0,0,0,-1,45
,req-27,0.8123,1,0.8123,1,0.8123,0.1,0.9123,0,0,0,-1,46
,req-22,0.8132,1,0.8132,1,0.8132,0.1,0.9132,0,0,0,-1,47
,req-29,0.8134,1,0.8134,1,0.8134,0.1,0.9134,0,0,0,-1,48
,req-30,0.8139,1,0.8139,1,0.8139,0.1,0.9139,0,0,0,-1,51
,req-29,0.8139,1,0.8139,1,0.8139,0.1,0.9139,0,0,0,-1,49
,req-29,0.8139,1,0.8139,1,0.8139,0.1,0.9139,0,0,0,-1,50
,req-25,0.8188,1,0.8188,1,0.8188,0.1,0.9188,0,0,0,-1,52
,req-27,0.822,1,0.822,1,0.822,0.1,0.922,0,0,0,-1,53
,req-0,0.8224,1,0.8224,1,0.8224,0.1,0.9224,0,0,0,-1,55
,req-33,0.8228,1,0.8228,1,0.8228,0.1,0.9228,0,0,0,-1,57
,req-31,0.8228,1,0.8228,1,0.8228,0.1,0.9228,0,0,0,-1,54
,req-34,0.8232,1,0.8232,1,0.8232,0.1,0.9232,0,0,0,-1,56
,req-35,0.8244,1,0.8244,1,0.8244,0.1,0.9244,0,0,0,-1,58
,req-36,0.8264,1,0.8264,1,0.8264,0.1,0.9264,0,0,0,-1,59
,req-30,0.8275,1,0.8275,1,0.8275,0.1,0.9275,0,0,0,-1,60
,req-24,0.8278,1,0.8278,1,0.8278,0.1,0.9278,0,0,0,-1,65
,req-18,0.8281,1,0.8281,1,0.8281,0.1,0.9281,0,0,0,-1,66
,req-38,0.8297,1,0.8297,1,0.8297,0.1,0.9297,0,0,0,-1,67
,req-38,0.8298,1,0.8298,1,0.8298,0.1,0.9298,0,0,0,-1,64
,req-43,0.8302,1,0.8302,1,0.8302,0.1,0.9302,0,0,0,-1,61
,req-43,0.8302,1,0.8302,1,0.8302,0.1,0.9302,0,0,0,-1,62
,req-43,0.8302,1,0.8302,1,0.8302,0.1,0.9302,0,0,0,-1,63
,req-21,0.8343,1,0.8343,1,0.8343,0.1,0.9343,0,0,0,-1,68
,req-43,0.8349,1,0.8349,1,0.8349,0.1,0.9349,0,0,0,-1,13
,req-43,0.8353,1,0.8353,1,0.8353,0.1,0.9353,0,0,0,-1,10
,req-43,0.8353,1,0.8353,1,0.8353,0.1,0.9353,0,0,0,-1,9
,req-44,0.8381,1,0.8381,1,0.8381,0.1,0.9381,0,0,0,-1,18
,req-44,0.8381,1,0.8381,1,0.8381,0.1,0.9381,0,0,0,-1,17
,req-44,0.8381,1,0.8381,1,0.8381,0.1,0.9381,0,0,0,-1,16
,req-44,0.8381,1,0.8381,1,0.8381,0.1,0.9381,0,0,0,-1,14
,req-44,0.8381,1,0.8381,1,0.8381,0.1,0.9381,0,0,0,-1,15
,req-44,0.8381,1,0.8381,1,0.8381,0.1,0.9381,0,0,0,-1,12
,req-43,0.8381,1,0.8381,1,0.8381,0.1,0.9381,0,0,0,-1,11
,req-44,0.8386,1,0.8386,1,0.8386,0.1,0.9386,0,0,0,-1,19
,req-44,0.8386,1,0.8386,1,0.8386,0.1,0.9386,0,0,0,-1,20
,req-44,0.8406,1,0.8406,1,0.8406,0.1,0.9406,0,0,0,-1,24
,req-44,0.8416,1,0.8416,1,0.8416,0.1,0.9416,0,0,0,-1,26
,req-45,0.8416,1,0.8416,1,0.8416,0.1,0.9416,0,0,0,-1,23
,req-45,0.8416,1,0.8416,1,0.8416,0.1,0.9416,0,0,0,-1,22
,req-45,0.8416,1,0.8416,1,0.8416,0.1,0.9416,0,0,0,-1,21
,req-45,0.8423,1,0.8423,1,0.8423,0.1,0.9423,0,0,0,-1,30
,req-45,0.8423,1,0.8423,1,0.8423,0.1,0.9423,0,0,0,-1,29
,req-46,0.8423,1,0.8423,1,0.8423,0.1,0.9423,0,0,0,-1,25
,req-46,0.8423,1,0.8423,1,0.8423,0.1,0.9423,0,0,0,-1,28
,req-45,0.8423,1,0.8423,1,0.8423,0.1,0.9423,0,0,0,-1,27
,req-5,0.8425,1,0.8425,1,0.8425,0.1,0.9425,0,0,0,-1,31
,req-7,0.8441,1,0.8441,1,0.8441,0.1,0.9441,0,0,0,-1,32
,req-46,0.8453,1,0.8453,1,0.8453,0.1,0.9453,0,0,0,-1,33
,req-46,0.8453,1,0.8453,1,0.8453,0.1,0.9453,0,0,0,-1,34
,req-46,0.8458,1,0.8458,1,0.8458,0.1,0.9458,0,0,0,-1,36
,req-46,0.8458,1,0.8458,1,0.8458,0.1,0.9458,0,0,0,-1,35
,req-46,0.8463,1,0.8463,1,0.8463,0.1,0.9463,0,0,0,-1,37
,req-25,0.8479,1,0.8479,1,0.8479,0.1,0.9479,0,0,0,-1,39
,req-32,0.848,1,0.848,1,0.848,0.1,0.948,0,0,0,-1,40
,req-15,0.848,1,0.848,1,0.848,0.1,0.948,0,0,0,-1,38
,req-10,0.9025,1,0.9025,1,0.9025,0.1,1.0025,0,0,0,-1,2
,req-22,0.9029,1,0.9029,1,0.9029,0.1,1.0029,0,0,0,-1,5
,req-19,0.9029,1,0.9029,1,0.9029,0.1,1.0029,0,0,0,-1,1
,req-24,0.9043,1,0.9043,1,0.9043,0.1,1.0043,0,0,0,-1,3
,req-23,0.9043,1,0.9043,1,0.9043,0.1,1.0043,0,0,0,-1,4
,req-32,0.9049,1,0.9049,1,0.9049,0.1,1.0049,0,0,0,-1,7
,req-32,0.9049,1,0.9049,1,0.9049,0.1,1.0049,0,0,0,-1,6
,req-22,0.9057,1,0.9057,1,0.9057,0.1,1.0057,0,0,0,-1,8
,req-3,0.9072,1,0.9072,1,0.9072,0.1,1.0072,0,0,0,-1,44
,req-35,0.9083,1,0.9083,1,0.9083,0.1,1.0083,0,0,0,-1,42
,req-35,0.9083,1,0.9083,1,0.9083,0.1,1.0083,0,0,0,-1,41
,req-34,0.9083,1,0.9083,1,0.9083,0.1,1.0083,0,0,0,-1,43
,req-35,0.9113,1,0.9113,1,0.9113,0.1,1.0113,0,0,0,-1,45
,req-35,0.9125,1,0.9125,1,0.9125,0.1,1.0125,0,0,0,-1,46
,req-37,0.9133,1,0.9133,1,0.9133,0.1,1.0133,0,0,0,-1,47
,req-39,0.9137,1,0.9137,1,0.9137,0.1,1.0137,0,0,0,-1,48
,req-40,0.9143,1,0.9143,1,0.9143,0.1,1.0143,0,0,0,-1,51
,req-42,0.9149,1,0.9149,1,0.9149,0.1,1.0149,0,0,0,-1,49
,req-46,0.915,1,0.915,1,0.915,0.1,1.015,0,0,0,-1,50
,req-39,0.9189,1,0.9189,1,0.9189,0.1,1.0189,0,0,0,-1,52
,req-46,0.9222,1,0.9222,1,0.9222,0.1,1.0222,0,0,0,-1,53
,req-4,0.9225,1,0.9225,1,0.9225,0.1,1.0225,0,0,0,-1,55
,req-6,0.9229,1,0.9229,1,0.9229,0.1,1.0229,0,0,0,-1,54
,req-12,0.923,1,0.923,1,0.923,0.1,1.023,0,0,0,-1,57
,req-46,0.9236,1,0.9236,1,0.9236,0.1,1.0236,0,0,0,-1,56
,req-46,0.9245,1,0.9245,1,0.9245,0.1,1.0245,0,0,0,-1,58
,req-26,0.9265,1,0.9265,1,0.9265,0.1,1.0265,0,0,0,-1,59
,req-28,0.9276,1,0.9276,1,0.9276,0.1,1.0276,0,0,0,-1,60
,req-31,0.928,1,0.928,1,0.928,0.1,1.028,0,0,0,-1,65
,req-47,0.9283,1,0.9283,1,0.9283,0.1,1.0283,0,0,0,-1,66
,req-47,0.9298,1,0.9298,1,0.9298,0.1,1.0298,0,0,0,-1,64
,req-47,0.9298,1,0.9298,1,0.9298,0.1,1.0298,0,0,0,-1,67
,req-39,0.9303,1,0.9303,1,0.9303,0.1,1.0303,0,0,0,-1,61
,req-47,0.9304,1,0.9304,1,0.9304,0.1,1.0304,0,0,0,-1,63
,req-47,0.9304,1,0.9304,1,0.9304,0.1,1.0304,0,0,0,-1,62
,req-20,0.9344,1,0.9344,1,0.9344,0.1,1.0344,0,0,0,-1,68
,req-23,0.9351,1,0.9351,1,0.9351,0.1,1.0351,0,0,0,-1,13
,req-41,0.9354,1,0.9354,1,0.9354,0.1,1.0354,0,0,0,-1,9
,req-41,0.9354,1,0.9354,1,0.9354,0.1,1.0354,0,0,0,-1,10
,req-41,0.9386,1,0.9386,1,0.9386,0.1,1.0386,0,0,0,-1,12
,req-47,0.939,1,0.939,1,0.939,0.1,1.039,0,0,0,-1,15
,req-47,0.939,1,0.939,1,0.939,0.1,1.039,0,0,0,-1,14
,req-47,0.939,1,0.939,1,0.939,0.1,1.039,0,0,0,-1,16
,req-48,0.939,1,0.939,1,0.939,0.1,1.039,0,0,0,-1,20
,req-48,0.939,1,0.939,1,0.939,0.1,1.039,0,0,0,-1,19
,req-48,0.939,1,0.939,1,0.939,0.1,1.039,0,0,0,-1,17
,req-48,0.939,1,0.939,1,0.939,0.1,1.039,0,0,0,-1,18
,req-47,0.939,1,0.939,1,0.939,0.1,1.039,0,0,0,-1,11
,req-48,0.9409,1,0.9409,1,0.9409,0.1,1.0409,0,0,0,-1,24
,req-48,0.9419,1,0.9419,1,0.9419,0.1,1.0419,0,0,0,-1,26
,req-49,0.9419,1,0.9419,1,0.9419,0.1,1.0419,0,0,0,-1,21
,req-49,0.9419,1,0.9419,1,0.9419,0.1,1.0419,0,0,0,-1,22
,req-48,0.9419,1,0.9419,1,0.9419,0.1,1.0419,0,0,0,-1,23
,req-50,0.9427,1,0.9427,1,0.9427,0.1,1.0427,0,0,0,-1,31
,req-50,0.9427,1,0.9427,1,0.9427,0.1,1.0427,0,0,0,-1,29
,req-50,0.9427,1,0.9427,1,0.9427,0.1,1.0427,0,0,0,-1,30
,req-50,0.9427,1,0.9427,1,0.9427,0.1,1.0427,0,0,0,-1,27
,req-50,0.9427,1,0.9427,1,0.9427,0.1,1.0427,0,0,0,-1,28
,req-50,0.9427,1,0.9427,1,0.9427,0.1,1.0427,0,0,0,-1,25
,req-23,0.9443,1,0.9443,1,0.9443,0.1,1.0443,0,0,0,-1,32
,req-51,0.9455,1,0.9455,1,0.9455,0.1,1.0455,0,0,0,-1,34
,req-51,0.9455,1,0.9455,1,0.9455,0.1,1.0455,0,0,0,-1,33
,req-51,0.9462,1,0.9462,1,0.9462,0.1,1.0462,0,0,0,-1,35
,req-51,0.9462,1,0.9462,1,0.9462,0.1,1.0462,0,0,0,-1,36
,req-51,0.9465,1,0.9465,1,0.9465,0.1,1.0465,0,0,0,-1,37
,req-52,0.9482,1,0.9482,1,0.9482,0.1,1.0482,0,0,0,-1,38
,req-52,0.9482,1,0.9482,1,0.9482,0.1,1.0482,0,0,0,-1,40
,req-52,0.9482,1,0.9482,1,0.9482,0.1,1.0482,0,0,0,-1,39
,req-2,1.0026,1,1.0026,1,1.0026,0.1,1.1026,0,0,0,-1,2
,req-11,1.0031,1,1.0031,1,1.0031,0.1,1.1031,0,0,0,-1,5
,req-10,1.0031,1,1.0031,1,1.0031,0.1,1.1031,0,0,0,-1,1
,req-13,1.0044,1,1.0044,1,1.0044,0.1,1.1044,0,0,0,-1,3
,req-27,1.0049,1,1.0049,1,1.0049,0.1,1.1049,0,0,0,-1,7
,req-26,1.0049,1,1.0049,1,1.0049,0.1,1.1049,0,0,0,-1,4
,req-38,1.006,1,1.006,1,1.006,0.1,1.106,0,0,0,-1,8
,req-36,1.006,1,1.006,1,1.006,0.1,1.106,0,0,0,-1,6
,req-40,1.0073,1,1.0073,1,1.0073,0.1,1.1073,0,0,0,-1,44
,req-43,1.0086,1,1.0086,1,1.0086,0.1,1.1086,0,0,0,-1,41
,req-42,1.0086,1,1.0086,1,1.0086,0.1,1.1086,0,0,0,-1,42
,req-43,1.0087,1,1.0087,1,1.0087,0.1,1.1087,0,0,0,-1,43
,req-36,1.0114,1,1.0114,1,1.0114,0.1,1.1114,0,0,0,-1,45
,req-36,1.0127,1,1.0127,1,1.0127,0.1,1.1127,0,0,0,-1,46
,req-43,1.0134,1,1.0134,1,1.0134,0.1,1.1134,0,0,0,-1,47
,req-38,1.0138,1,1.0138,1,1.0138,0.1,1.1138,0,0,0,-1,48
,req-38,1.0144,1,1.0144,1,1.0144,0.1,1.1144,0,0,0,-1,51
,req-40,1.015,1,1.015,1,1.015,0.1,1.115,0,0,0,-1,50
,req-39,1.015,1,1.015,1,1.015,0.1,1.115,0,0,0,-1,49
,req-52,1.0201,1,1.0201,1,1.0201,0.1,1.1201,0,0,0,-1,52
,req-52,1.0223,1,1.0223,1,1.0223,0.1,1.1223,0,0,0,-1,53
,req-52,1.0226,1,1.0226,1,1.0226,0.1,1.1226,0,0,0,-1,55
,req-45,1.023,1,1.023,1,1.023,0.1,1.123,0,0,0,-1,57
,req-17,1.023,1,1.023,1,1.023,0.1,1.123,0,0,0,-1,54
,req-52,1.0238,1,1.0238,1,1.0238,0.1,1.1238,0,0,0,-1,56
,req-14,1.0247,1,1.0247,1,1.0247,0.1,1.1247,0,0,0,-1,58
,req-33,1.0266,1,1.0266,1,1.0266,0.1,1.1266,0,0,0,-1,59
,req-33,1.0277,1,1.0277,1,1.0277,0.1,1.1277,0,0,0,-1,60
,req-53,1.0283,1,1.0283,1,1.0283,0.1,1.1283,0,0,0,-1,66
,req-53,1.0283,1,1.0283,1,1.0283,0.1,1.1283,0,0,0,-1,65
,req-37,1.0299,1,1.0299,1,1.0299,0.1,1.1299,0,0,0,-1,64
,req-37,1.0299,1,1.0299,1,1.0299,0.1,1.1299,0,0,0,-1,67
,req-54,1.0308,1,1.0308,1,1.0308,0.1,1.1308,0,0,0,-1,62
,req-54,1.0308,1,1.0308,1,1.0308,0.1,1.1308,0,0,0,-1,63
,req-54,1.0308,1,1.0308,1,1.0308,0.1,1.1308,0,0,0,-1,61
,req-54,1.0346,1,1.0346,1,1.0346,0.1,1.1346,0,0,0,-1,68
,req-42,1.0352,1,1.0352,1,1.0352,0.1,1.1352,0,0,0,-1,13
,req-54,1.0356,1,1.0356,1,1.0356,0.1,1.1356,0,0,0,-1,10
,req-54,1.0356,1,1.0356,1,1.0356,0.1,1.1356,0,0,0,-1,9
,req-54,1.0389,1,1.0389,1,1.0389,0.1,1.1389,0,0,0,-1,12
,req-55,1.0395,1,1.0395,1,1.0395,0.1,1.1395,0,0,0,-1,18
,req-55,1.0395,1,1.0395,1,1.0395,0.1,1.1395,0,0,0,-1,17
,req-55,1.0395,1,1.0395,1,1.0395,0.1,1.1395,0,0,0,-1,19
,req-55,1.0395,1,1.0395,1,1.0395,0.1,1.1395,0,0,0,-1,20
,req-55,1.0395,1,1.0395,1,1.0395,0.1,1.1395,0,0,0,-1,16
,req-55,1.0395,1,1.0395,1,1.0395,0.1,1.1395,0,0,0,-1,14
,req-54,1.0395,1,1.0395,1,1.0395,0.1,1.1395,0,0,0,-1,15
,req-54,1.0395,1,1.0395,1,1.0395,0.1,1.1395,0,0,0,-1,11
,req-44,1.041,1,1.041,1,1.041,0.1,1.141,0,0,0,-1,24
,req-48,1.0422,1,1.0422,1,1.0422,0.1,1.1422,0,0,0,-1,26
,req-56,1.0424,1,1.0424,1,1.0424,0.1,1.1424,0,0,0,-1,23
,req-56,1.0424,1,1.0424,1,1.0424,0.1,1.1424,0,0,0,-1,22
,req-55,1.0424,1,1.0424,1,1.0424,0.1,1.1424,0,0,0,-1,21
,req-8,1.043,1,1.043,1,1.043,0.1,1.143,0,0,0,-1,27
,req-9,1.0431,1,1.0431,1,1.0431,0.1,1.1431,0,0,0,-1,28
,req-56,1.0432,1,1.0432,1,1.0432,0.1,1.1432,0,0,0,-1,30
,req-56,1.0432,1,1.0432,1,1.0432,0.1,1.1432,0,0,0,-1,29
,req-56,1.0432,1,1.0432,1,1.0432,0.1,1.1432,0,0,0,-1,31
,req-56,1.0432,1,1.0432,1,1.0432,0.1,1.1432,0,0,0,-1,25
,req-56,1.0447,1,1.0447,1,1.0447,0.1,1.1447,0,0,0,-1,32
,req-57,1.0457,1,1.0457,1,1.0457,0.1,1.1457,0,0,0,-1,33
,req-57,1.0457,1,1.0457,1,1.0457,0.1,1.1457,0,0,0,-1,34
,req-46,1.0463,1,1.0463,1,1.0463,0.1,1.1463,0,0,0,-1,35
,req-57,1.0465,1,1.0465,1,1.0465,0.1,1.1465,0,0,0,-1,37
,req-57,1.0465,1,1.0465,1,1.0465,0.1,1.1465,0,0,0,-1,36
,req-57,1.0486,1,1.0486,1,1.0486,0.1,1.1486,0,0,0,-1,39
,req-57,1.0486,1,1.0486,1,1.0486,0.1,1.1486,0,0,0,-1,40
,req-57,1.0486,1,1.0486,1,1.0486,0.1,1.1486,0,0,0,-1,38
,req-15,1.1027,1,1.1027,1,1.1027,0.1,1.2027,0,0,0,-1,2
,req-21,1.1033,1,1.1033,1,1.1033,0.1,1.2033,0,0,0,-1,1
,req-25,1.1035,1,1.1035,1,1.1035,0.1,1.2035,0,0,0,-1,5
,req-37,1.1051,1,1.1051,1,1.1051,0.1,1.2051,0,0,0,-1,7
,req-37,1.1051,1,1.1051,1,1.1051,0.1,1.2051,0,0,0,-1,4
,req-37,1.1051,1,1.1051,1,1.1051,0.1,1.2051,0,0,0,-1,3
,req-37,1.1061,1,1.1061,1,1.1061,0.1,1.2061,0,0,0,-1,6
,req-34,1.1061,1,1.1061,1,1.1061,0.1,1.2061,0,0,0,-1,8
,req-41,1.1076,1,1.1076,1,1.1076,0.1,1.2076,0,0,0,-1,44
,req-41,1.1087,1,1.1087,1,1.1087,0.1,1.2087,0,0,0,-1,41
,req-44,1.1088,1,1.1088,1,1.1088,0.1,1.2088,0,0,0,-1,43
,req-42,1.1088,1,1.1088,1,1.1088,0.1,1.2088,0,0,0,-1,42
,req-44,1.1117,1,1.1117,1,1.1117,0.1,1.2117,0,0,0,-1,45
,req-44,1.1129,1,1.1129,1,1.1129,0.1,1.2129,0,0,0,-1,46
,req-44,1.1136,1,1.1136,1,1.1136,0.1,1.2136,0,0,0,-1,47
,req-44,1.1139,1,1.1139,1,1.1139,0.1,1.2139,0,0,0,-1,48
,req-46,1.1146,1,1.1146,1,1.1146,0.1,1.2146,0,0,0,-1,51
,req-46,1.1153,1,1.1153,1,1.1153,0.1,1.2153,0,0,0,-1,49
,req-46,1.1153,1,1.1153,1,1.1153,0.1,1.2153,0,0,0,-1,50
,req-46,1.1202,1,1.1202,1,1.1202,0.1,1.2202,0,0,0,-1,52
,req-47,1.1226,1,1.1226,1,1.1226,0.1,1.2226,0,0,0,-1,53
,req-50,1.1233,1,1.1233,1,1.1233,0.1,1.2233,0,0,0,-1,57
,req-50,1.1234,1,1.1234,1,1.1234,0.1,1.2234,0,0,0,-1,55
,req-51,1.1235,1,1.1235,1,1.1235,0.1,1.2235,0,0,0,-1,54
,req-51,1.1239,1,1.1239,1,1.1239,0.1,1.2239,0,0,0,-1,56
,req-46,1.1248,1,1.1248,1,1.1248,0.1,1.2248,0,0,0,-1,58
,req-16,1.1267,1,1.1267,1,1.1267,0.1,1.2267,0,0,0,-1,59
,req-31,1.1278,1,1.1278,1,1.1278,0.1,1.2278,0,0,0,-1,60
,req-51,1.1285,1,1.1285,1,1.1285,0.1,1.2285,0,0,0,-1,66
,req-52,1.1286,1,1.1286,1,1.1286,0.1,1.2286,0,0,0,-1,65
,req-58,1.1311,1,1.1311,1,1.1311,0.1,1.2311,0,0,0,-1,61
,req-58,1.1311,1,1.1311,1,1.1311,0.1,1.2311,0,0,0,-1,63
,req-57,1.1311,1,1.1311,1,1.1311,0.1,1.2311,0,0,0,-1,62
,req-57,1.1311,1,1.1311,1,1.1311,0.1,1.2311,0,0,0,-1,64
,req-57,1.1311,1,1.1311,1,1.1311,0.1,1.2311,0,0,0,-1,67
,req-58,1.1349,1,1.1349,1,1.1349,0.1,1.2349,0,0,0,-1,68
,req-58,1.1355,1,1.1355,1,1.1355,0.1,1.2355,0,0,0,-1,13
,req-59,1.1359,1,1.1359,1,1.1359,0.1,1.2359,0,0,0,-1,9
,req-59,1.1359,1,1.1359,1,1.1359,0.1,1.2359,0,0,0,-1,10
,req-59,1.1391,1,1.1391,1,1.1391,0.1,1.2391,0,0,0,-1,12
,req-59,1.1399,1,1.1399,1,1.1399,0.1,1.2399,0,0,0,-1,20
,req-59,1.1399,1,1.1399,1,1.1399,0.1,1.2399,0,0,0,-1,19
,req-59,1.1399,1,1.1399,1,1.1399,0.1,1.2399,0,0,0,-1,17
,req-59,1.1399,1,1.1399,1,1.1399,0.1,1.2399,0,0,0,-1,18
,req-59,1.1399,1,1.1399,1,1.1399,0.1,1.2399,0,0,0,-1,11
,req-59,1.1399,1,1.1399,1,1.1399,0.1,1.2399,0,0,0,-1,15
,req-59,1.1399,1,1.1399,1,1.1399,0.1,1.2399,0,0,0,-1,14
,req-59,1.1399,1,1.1399,1,1.1399,0.1,1.2399,0,0,0,-1,16
,req-28,1.1411,1,1.1411,1,1.1411,0.1,1.2411,0,0,0,-1,24
,req-44,1.1423,1,1.1423,1,1.1423,0.1,1.2423,0,0,0,-1,26
,req-60,1.1427,1,1.1427,1,1.1427,0.1,1.2427,0,0,0,-1,21
,req-60,1.1427,1,1.1427,1,1.1427,0.1,1.2427,0,0,0,-1,22
,req-60,1.1427,1,1.1427,1,1.1427,0.1,1.2427,0,0,0,-1,23
,req-60,1.1431,1,1.1431,1,1.1431,0.1,1.2431,0,0,0,-1,28
,req-60,1.1431,1,1.1431,1,1.1431,0.1,1.2431,0,0,0,-1,27
,req-61,1.1437,1,1.1437,1,1.1437,0.1,1.2437,0,0,0,-1,31
,req-61,1.1437,1,1.1437,1,1.1437,0.1,1.2437,0,0,0,-1,29
,req-60,1.1437,1,1.1437,1,1.1437,0.1,1.2437,0,0,0,-1,30
,req-60,1.1437,1,1.1437,1,1.1437,0.1,1.2437,0,0,0,-1,25
,req-19,1.1448,1,1.1448,1,1.1448,0.1,1.2448,0,0,0,-1,32
,req-32,1.1459,1,1.1459,1,1.1459,0.1,1.2459,0,0,0,-1,34
,req-30,1.1459,1,1.1459,1,1.1459,0.1,1.2459,0,0,0,-1,33
,req-35,1.1464,1,1.1464,1,1.1464,0.1,1.2464,0,0,0,-1,35
,req-61,1.1468,1,1.1468,1,1.1468,0.1,1.2468,0,0,0,-1,37
,req-61,1.1468,1,1.1468,1,1.1468,0.1,1.2468,0,0,0,-1,36
,req-43,1.1487,1,1.1487,1,1.1487,0.1,1.2487,0,0,0,-1,39
,req-61,1.149,1,1.149,1,1.149,0.1,1.249,0,0,0,-1,40
,req-62,1.1491,1,1.1491,1,1.1491,0.1,1.2491,0,0,0,-1,38
,req-18,1.2028,1,1.2028,1,1.2028,0.1,1.3028,0,0,0,-1,2
,req-23,1.2034,1,1.2034,1,1.2034,0.1,1.3034,0,0,0,-1,1
,req-24,1.2036,1,1.2036,1,1.2036,0.1,1.3036,0,0,0,-1,5
,req-27,1.2053,1,1.2053,1,1.2053,0.1,1.3053,0,0,0,-1,7
,req-30,1.2053,1,1.2053,1,1.2053,0.1,1.3053,0,0,0,-1,3
,req-29,1.2053,1,1.2053,1,1.2053,0.1,1.3053,0,0,0,-1,4
,req-36,1.2063,1,1.2063,1,1.2063,0.1,1.3063,0,0,0,-1,8
,req-34,1.2063,1,1.2063,1,1.2063,0.1,1.3063,0,0,0,-1,6
,req-36,1.2078,1,1.2078,1,1.2078,0.1,1.3078,0,0,0,-1,44
,req-41,1.2093,1,1.2093,1,1.2093,0.1,1.3093,0,0,0,-1,41
,req-45,1.2094,1,1.2094,1,1.2094,0.1,1.3094,0,0,0,-1,42
,req-45,1.2094,1,1.2094,1,1.2094,0.1,1.3094,0,0,0,-1,43
,req-45,1.2118,1,1.2118,1,1.2118,0.1,1.3118,0,0,0,-1,45
,req-46,1.2131,1,1.2131,1,1.2131,0.1,1.3131,0,0,0,-1,46
,req-47,1.2138,1,1.2138,1,1.2138,0.1,1.3138,0,0,0,-1,47
,req-47,1.214,1,1.214,1,1.214,0.1,1.314,0,0,0,-1,48
,req-47,1.2147,1,1.2147,1,1.2147,0.1,1.3147,0,0,0,-1,51
,req-39,1.2154,1,1.2154,1,1.2154,0.1,1.3154,0,0,0,-1,49
,req-47,1.2155,1,1.2155,1,1.2155,0.1,1.3155,0,0,0,-1,50
,req-48,1.2205,1,1.2205,1,1.2205,0.1,1.3205,0,0,0,-1,52
,req-48,1.2227,1,1.2227,1,1.2227,0.1,1.3227,0,0,0,-1,53
,req-48,1.2234,1,1.2234,1,1.2234,0.1,1.3234,0,0,0,-1,57
,req-50,1.2234,1,1.2234,1,1.2234,0.1,1.3234,0,0,0,-1,55
,req-50,1.2236,1,1.2236,1,1.2236,0.1,1.3236,0,0,0,-1,54
,req-53,1.2246,1,1.2246,1,1.2246,0.1,1.3246,0,0,0,-1,56
,req-54,1.225,1,1.225,1,1.225,0.1,1.325,0,0,0,-1,58
,req-26,1.2268,1,1.2268,1,1.2268,0.1,1.3268,0,0,0,-1,59
,req-33,1.228,1,1.228,1,1.228,0.1,1.328,0,0,0,-1,60
,req-39,1.2286,1,1.2286,1,1.2286,0.1,1.3286,0,0,0,-1,66
,req-54,1.2289,1,1.2289,1,1.2289,0.1,1.3289,0,0,0,-1,65
,req-42,1.2312,1,1.2312,1,1.2312,0.1,1.3312,0,0,0,-1,67
,req-56,1.2316,1,1.2316,1,1.2316,0.1,1.3316,0,0,0,-1,61
,req-57,1.2323,1,1.2323,1,1.2323,0.1,1.3323,0,0,0,-1,63
,req-62,1.2327,1,1.2327,1,1.2327,0.1,1.3327,0,0,0,-1,64
,req-61,1.2327,1,1.2327,1,1.2327,0.1,1.3327,0,0,0,-1,62
,req-40,1.2354,1,1.2354,1,1.2354,0.1,1.3354,0,0,0,-1,68
,req-71,1.2423,1,1.2423,1,1.2423,0.1,1.3423,0,0,0,-1,24
,req-49,1.2425,1,1.2425,1,1.2425,0.1,1.3425,0,0,0,-1,26
,req-71,1.243,1,1.243,1,1.243,0.1,1.343,0,0,0,-1,22
,req-71,1.243,1,1.243,1,1.243,0.1,1.343,0,0,0,-1,21
,req-22,1.2434,1,1.2434,1,1.2434,0.1,1.3434,0,0,0,-1,23
,req-53,1.245,1,1.245,1,1.245,0.1,1.345,0,0,0,-1,27
,req-35,1.245,1,1.245,1,1.245,0.1,1.345,0,0,0,-1,28
,req-20,1.2459,1,1.2459,1,1.2459,0.1,1.3459,0,0,0,-1,25
,req-56,1.252,1,1.252,1,1.252,0.1,1.352,0,0,0,-1,9
,req-56,1.2521,1,1.2521,1,1.2521,0.1,1.3521,0,0,0,-1,10
,req-83,1.2524,1,1.2524,1,1.2524,0.1,1.3524,0,0,0,-1,12
,req-62,1.2553,1,1.2553,1,1.2553,0.1,1.3553,0,0,0,-1,11
,req-62,1.2558,1,1.2558,1,1.2558,0.1,1.3558,0,0,0,-1,13
,req-89,1.2567,1,1.2567,1,1.2567,0.1,1.3567,0,0,0,-1,16
,req-89,1.2567,1,1.2567,1,1.2567,0.1,1.3567,0,0,0,-1,14
,req-89,1.2567,1,1.2567,1,1.2567,0.1,1.3567,0,0,0,-1,15
,req-66,1.2583,1,1.2583,1,1.2583,0.1,1.3583,0,0,0,-1,20
,req-67,1.2589,1,1.2589,1,1.2589,0.1,1.3589,0,0,0,-1,19
,req-67,1.2592,1,1.2592,1,1.2592,0.1,1.3592,0,0,0,-1,17
,req-95,1.2601,1,1.2601,1,1.2601,0.1,1.3601,0,0,0,-1,18
,req-38,1.2604,1,1.2604,1,1.2604,0.1,1.3604,0,0,0,-1,31
,req-71,1.2621,1,1.2621,1,1.2621,0.1,1.3621,0,0,0,-1,29
,req-71,1.2622,1,1.2622,1,1.2622,0.1,1.3622,0,0,0,-1,30
,req-71,1.2631,1,1.2631,1,1.2631,0.1,1.3631,0,0,0,-1,32
,req-99,1.2634,1,1.2634,1,1.2634,0.1,1.3634,0,0,0,-1,34
,req-51,1.2642,1,1.2642,1,1.2642,0.1,1.3642,0,0,0,-1,33
,req-53,1.2646,1,1.2646,1,1.2646,0.1,1.3646,0,0,0,-1,35
,req-32,1.2661,1,1.2661,1,1.2661,0.1,1.3661,0,0,0,-1,36
,req-57,1.2668,1,1.2668,1,1.2668,0.1,1.3668,0,0,0,-1,37
,req-78,1.2678,1,1.2678,1,1.2678,0.1,1.3678,0,0,0,-1,39
,req-78,1.2681,1,1.2681,1,1.2681,0.1,1.3681,0,0,0,-1,40
,req-51,1.2686,1,1.2686,1,1.2686,0.1,1.3686,0,0,0,-1,38
,req-38,1.303,1,1.303,1,1.303,0.1,1.403,0,0,0,-1,2
,req-41,1.3035,1,1.3035,1,1.3035,0.1,1.4035,0,0,0,-1,1
,req-51,1.304,1,1.304,1,1.304,0.1,1.404,0,0,0,-1,5
,req-52,1.3057,1,1.3057,1,1.3057,0.1,1.4057,0,0,0,-1,7
,req-52,1.3057,1,1.3057,1,1.3057,0.1,1.4057,0,0,0,-1,4
,req-52,1.3057,1,1.3057,1,1.3057,0.1,1.4057,0,0,0,-1,3
,req-55,1.3065,1,1.3065,1,1.3065,0.1,1.4065,0,0,0,-1,6
,req-52,1.3065,1,1.3065,1,1.3065,0.1,1.4065,0,0,0,-1,8
,req-56,1.3079,1,1.3079,1,1.3079,0.1,1.4079,0,0,0,-1,44
,req-57,1.3097,1,1.3097,1,1.3097,0.1,1.4097,0,0,0,-1,43
,req-57,1.3097,1,1.3097,1,1.3097,0.1,1.4097,0,0,0,-1,42
,req-54,1.3097,1,1.3097,1,1.3097,0.1,1.4097,0,0,0,-1,41
,req-52,1.3119,1,1.3119,1,1.3119,0.1,1.4119,0,0,0,-1,45
,req-52,1.3133,1,1.3133,1,1.3133,0.1,1.4133,0,0,0,-1,46
,req-54,1.314,1,1.314,1,1.314,0.1,1.414,0,0,0,-1,47
,req-58,1.3142,1,1.3142,1,1.3142,0.1,1.4142,0,0,0,-1,48
,req-64,1.3161,1,1.3161,1,1.3161,0.1,1.4161,0,0,0,-1,50
,req-64,1.3161,1,1.3161,1,1.3161,0.1,1.4161,0,0,0,-1,49
,req-62,1.3161,1,1.3161,1,1.3161,0.1,1.4161,0,0,0,-1,51
,req-65,1.3208,1,1.3208,1,1.3208,0.1,1.4208,0,0,0,-1,52
,req-65,1.3229,1,1.3229,1,1.3229,0.1,1.4229,0,0,0,-1,53
,req-65,1.3238,1,1.3238,1,1.3238,0.1,1.4238,0,0,0,-1,57
,req-66,1.3238,1,1.3238,1,1.3238,0.1,1.4238,0,0,0,-1,54
,req-65,1.3238,1,1.3238,1,1.3238,0.1,1.4238,0,0,0,-1,55
,req-66,1.3247,1,1.3247,1,1.3247,0.1,1.4247,0,0,0,-1,56
,req-66,1.3251,1,1.3251,1,1.3251,0.1,1.4251,0,0,0,-1,58
,req-66,1.3269,1,1.3269,1,1.3269,0.1,1.4269,0,0,0,-1,59
,req-36,1.3281,1,1.3281,1,1.3281,0.1,1.4281,0,0,0,-1,60
,req-67,1.3288,1,1.3288,1,1.3288,0.1,1.4288,0,0,0,-1,66
,req-68,1.329,1,1.329,1,1.329,0.1,1.429,0,0,0,-1,65
,req-37,1.3313,1,1.3313,1,1.3313,0.1,1.4313,0,0,0,-1,67
,req-68,1.3317,1,1.3317,1,1.3317,0.1,1.4317,0,0,0,-1,61
,req-56,1.3324,1,1.3324,1,1.3324,0.1,1.4324,0,0,0,-1,63
,req-56,1.3328,1,1.3328,1,1.3328,0.1,1.4328,0,0,0,-1,64
,req-69,1.3329,1,1.3329,1,1.3329,0.1,1.4329,0,0,0,-1,62
,req-59,1.3356,1,1.3356,1,1.3356,0.1,1.4356,0,0,0,-1,68
,req-37,1.3424,1,1.3424,1,1.3424,0.1,1.4424,0,0,0,-1,24
,req-61,1.3427,1,1.3427,1,1.3427,0.1,1.4427,0,0,0,-1,26
,req-63,1.3432,1,1.3432,1,1.3432,0.1,1.4432,0,0,0,-1,21
,req-63,1.3432,1,1.3432,1,1.3432,0.1,1.4432,0,0,0,-1,22
,req-63,1.3435,1,1.3435,1,1.3435,0.1,1.4435,0,0,0,-1,23
,req-63,1.3453,1,1.3453,1,1.3453,0.1,1.4453,0,0,0,-1,28
,req-53,1.3453,1,1.3453,1,1.3453,0.1,1.4453,0,0,0,-1,27
,req-68,1.346,1,1.346,1,1.346,0.1,1.446,0,0,0,-1,25
,req-43,1.3521,1,1.3521,1,1.3521,0.1,1.4521,0,0,0,-1,10
,req-31,1.3521,1,1.3521,1,1.3521,0.1,1.4521,0,0,0,-1,9
,req-54,1.3525,1,1.3525,1,1.3525,0.1,1.4525,0,0,0,-1,12
,req-10,1.3554,1,1.3554,1,1.3554,0.1,1.4554,0,0,0,-1,11
,req-58,1.3562,1,1.3562,1,1.3562,0.1,1.4562,0,0,0,-1,13
,req-59,1.3568,1,1.3568,1,1.3568,0.1,1.4568,0,0,0,-1,15
,req-59,1.3568,1,1.3568,1,1.3568,0.1,1.4568,0,0,0,-1,14
,req-59,1.3568,1,1.3568,1,1.3568,0.1,1.4568,0,0,0,-1,16
,req-59,1.3584,1,1.3584,1,1.3584,0.1,1.4584,0,0,0,-1,20
,req-59,1.359,1,1.359,1,1.359,0.1,1.459,0,0,0,-1,19
,req-61,1.3593,1,1.3593,1,1.3593,0.1,1.4593,0,0,0,-1,17
,req-61,1.3602,1,1.3602,1,1.3602,0.1,1.4602,0,0,0,-1,18
,req-46,1.3605,1,1.3605,1,1.3605,0.1,1.4605,0,0,0,-1,31
,req-63,1.3622,1,1.3622,1,1.3622,0.1,1.4622,0,0,0,-1,30
,req-62,1.3622,1,1.3622,1,1.3622,0.1,1.4622,0,0,0,-1,29
,req-63,1.3632,1,1.3632,1,1.3632,0.1,1.4632,0,0,0,-1,32
,req-64,1.3636,1,1.3636,1,1.3636,0.1,1.4636,0,0,0,-1,34
,req-44,1.3643,1,1.3643,1,1.3643,0.1,1.4643,0,0,0,-1,33
,req-64,1.3648,1,1.3648,1,1.3648,0.1,1.4648,0,0,0,-1,35
,req-47,1.3663,1,1.3663,1,1.3663,0.1,1.4663,0,0,0,-1,36
,req-68,1.3671,1,1.3671,1,1.3671,0.1,1.4671,0,0,0,-1,37
,req-70,1.3679,1,1.3679,1,1.3679,0.1,1.4679,0,0,0,-1,39
,req-71,1.3682,1,1.3682,1,1.3682,0.1,1.4682,0,0,0,-1,40
,req-42,1.3687,1,1.3687,1,1.3687,0.1,1.4687,0,0,0,-1,38
,req-29,1.4031,1,1.4031,1,1.4031,0.1,1.5031,0,0,0,-1,2
,req-30,1.4036,1,1.4036,1,1.4036,0.1,1.5036,0,0,0,-1,1
,req-43,1.4043,1,1.4043,1,1.4043,0.1,1.5043,0,0,0,-1,5
,req-58,1.406,1,1.406,1,1.406,0.1,1.506,0,0,0,-1,7
,req-60,1.406,1,1.406,1,1.406,0.1,1.506,0,0,0,-1,3
,req-59,1.406,1,1.406,1,1.406,0.1,1.506,0,0,0,-1,4
,req-35,1.4066,1,1.4066,1,1.4066,0.1,1.5066,0,0,0,-1,8
,req-34,1.4066,1,1.4066,1,1.4066,0.1,1.5066,0,0,0,-1,6
,req-60,1.408,1,1.408,1,1.408,0.1,1.508,0,0,0,-1,44
,req-62,1.4098,1,1.4098,1,1.4098,0.1,1.5098,0,0,0,-1,42
,req-60,1.4098,1,1.4098,1,1.4098,0.1,1.5098,0,0,0,-1,43
,req-64,1.4099,1,1.4099,1,1.4099,0.1,1.5099,0,0,0,-1,41
,req-55,1.4122,1,1.4122,1,1.4122,0.1,1.5122,0,0,0,-1,45
,req-44,1.4134,1,1.4134,1,1.4134,0.1,1.5134,0,0,0,-1,46
,req-57,1.4143,1,1.4143,1,1.4143,0.1,1.5143,0,0,0,-1,48
,req-55,1.4143,1,1.4143,1,1.4143,0.1,1.5143,0,0,0,-1,47
,req-62,1.4162,1,1.4162,1,1.4162,0.1,1.5162,0,0,0,-1,49
,req-60,1.4162,1,1.4162,1,1.4162,0.1,1.5162,0,0,0,-1,50
,req-64,1.4163,1,1.4163,1,1.4163,0.1,1.5163,0,0,0,-1,51
,req-64,1.421,1,1.421,1,1.421,0.1,1.521,0,0,0,-1,52
,req-49,1.423,1,1.423,1,1.423,0.1,1.523,0,0,0,-1,53
,req-64,1.4239,1,1.4239,1,1.4239,0.1,1.5239,0,0,0,-1,57
,req-66,1.4241,1,1.4241,1,1.4241,0.1,1.5241,0,0,0,-1,55
,req-66,1.4241,1,1.4241,1,1.4241,0.1,1.5241,0,0,0,-1,54
,req-66,1.4248,1,1.4248,1,1.4248,0.1,1.5248,0,0,0,-1,56
,req-67,1.4254,1,1.4254,1,1.4254,0.1,1.5254,0,0,0,-1,58
,req-67,1.4272,1,1.4272,1,1.4272,0.1,1.5272,0,0,0,-1,59
,req-67,1.4283,1,1.4283,1,1.4283,0.1,1.5283,0,0,0,-1,60
,req-67,1.4289,1,1.4289,1,1.4289,0.1,1.5289,0,0,0,-1,66
,req-67,1.4291,1,1.4291,1,1.4291,0.1,1.5291,0,0,0,-1,65
,req-67,1.4314,1,1.4314,1,1.4314,0.1,1.5314,0,0,0,-1,67
,req-67,1.4318,1,1.4318,1,1.4318,0.1,1.5318,0,0,0,-1,61
,req-68,1.4326,1,1.4326,1,1.4326,0.1,1.5326,0,0,0,-1,63
,req-68,1.433,1,1.433,1,1.433,0.1,1.533,0,0,0,-1,62
,req-68,1.433,1,1.433,1,1.433,0.1,1.533,0,0,0,-1,64
,req-40,1.4357,1,1.4357,1,1.4357,0.1,1.5357,0,0,0,-1,68
,req-68,1.4426,1,1.4426,1,1.4426,0.1,1.5426,0,0,0,-1,24
,req-68,1.4428,1,1.4428,1,1.4428,0.1,1.5428,0,0,0,-1,26
,req-69,1.4433,1,1.4433,1,1.4433,0.1,1.5433,0,0,0,-1,22
,req-68,1.4433,1,1.4433,1,1.4433,0.1,1.5433,0,0,0,-1,21
,req-69,1.4436,1,1.4436,1,1.4436,0.1,1.5436,0,0,0,-1,23
,req-70,1.4454,1,1.4454,1,1.4454,0.1,1.5454,0,0,0,-1,27
,req-63,1.4454,1,1.4454,1,1.4454,0.1,1.5454,0,0,0,-1,28
,req-27,1.4461,1,1.4461,1,1.4461,0.1,1.5461,0,0,0,-1,25
,req-70,1.4522,1,1.4522,1,1.4522,0.1,1.5522,0,0,0,-1,9
,req-70,1.4522,1,1.4522,1,1.4522,0.1,1.5522,0,0,0,-1,10
,req-70,1.4527,1,1.4527,1,1.4527,0.1,1.5527,0,0,0,-1,12
,req-46,1.4556,1,1.4556,1,1.4556,0.1,1.5556,0,0,0,-1,11
,req-57,1.4563,1,1.4563,1,1.4563,0.1,1.5563,0,0,0,-1,13
,req-71,1.4572,1,1.4572,1,1.4572,0.1,1.5572,0,0,0,-1,16
,req-71,1.4572,1,1.4572,1,1.4572,0.1,1.5572,0,0,0,-1,14
,req-71,1.4572,1,1.4572,1,1.4572,0.1,1.5572,0,0,0,-1,15
,req-71,1.4585,1,1.4585,1,1.4585,0.1,1.5585,0,0,0,-1,20
,req-72,1.4593,1,1.4593,1,1.4593,0.1,1.5593,0,0,0,-1,17
,req-72,1.4593,1,1.4593,1,1.4593,0.1,1.5593,0,0,0,-1,19
,req-72,1.4605,1,1.4605,1,1.4605,0.1,1.5605,0,0,0,-1,31
,req-72,1.4605,1,1.4605,1,1.4605,0.1,1.5605,0,0,0,-1,18
,req-72,1.4625,1,1.4625,1,1.4625,0.1,1.5625,0,0,0,-1,29
,req-72,1.4625,1,1.4625,1,1.4625,0.1,1.5625,0,0,0,-1,30
,req-28,1.4633,1,1.4633,1,1.4633,0.1,1.5633,0,0,0,-1,32
,req-46,1.4637,1,1.4637,1,1.4637,0.1,1.5637,0,0,0,-1,34
,req-48,1.4644,1,1.4644,1,1.4644,0.1,1.5644,0,0,0,-1,33
,req-72,1.4652,1,1.4652,1,1.4652,0.1,1.5652,0,0,0,-1,35
,req-72,1.4664,1,1.4664,1,1.4664,0.1,1.5664,0,0,0,-1,36
,req-47,1.4672,1,1.4672,1,1.4672,0.1,1.5672,0,0,0,-1,37
,req-66,1.468,1,1.468,1,1.468,0.1,1.568,0,0,0,-1,39
,req-66,1.4683,1,1.4683,1,1.4683,0.1,1.5683,0,0,0,-1,40
,req-73,1.4691,1,1.4691,1,1.4691,0.1,1.5691,0,0,0,-1,38
,req-37,1.5033,1,1.5033,1,1.5033,0.1,1.6033,0,0,0,-1,2
,req-39,1.5038,1,1.5038,1,1.5038,0.1,1.6038,0,0,0,-1,1
,req-44,1.5046,1,1.5046,1,1.5046,0.1,1.6046,0,0,0,-1,5
,req-45,1.5061,1,1.5061,1,1.5061,0.1,1.6061,0,0,0,-1,7
,req-48,1.5061,1,1.5061,1,1.5061,0.1,1.6061,0,0,0,-1,3
,req-53,1.5063,1,1.5063,1,1.5063,0.1,1.6063,0,0,0,-1,4
,req-66,1.5076,1,1.5076,1,1.5076,0.1,1.6076,0,0,0,-1,6
,req-65,1.5076,1,1.5076,1,1.5076,0.1,1.6076,0,0,0,-1,8
,req-66,1.5081,1,1.5081,1,1.5081,0.1,1.6081,0,0,0,-1,44
,req-73,1.5101,1,1.5101,1,1.5101,0.1,1.6101,0,0,0,-1,41
,req-73,1.5101,1,1.5101,1,1.5101,0.1,1.6101,0,0,0,-1,43
,req-73,1.5101,1,1.5101,1,1.5101,0.1,1.6101,0,0,0,-1,42
,req-73,1.5123,1,1.5123,1,1.5123,0.1,1.6123,0,0,0,-1,45
,req-73,1.5135,1,1.5135,1,1.5135,0.1,1.6135,0,0,0,-1,46
,req-74,1.5147,1,1.5147,1,1.5147,0.1,1.6147,0,0,0,-1,47
,req-74,1.5147,1,1.5147,1,1.5147,0.1,1.6147,0,0,0,-1,48
,req-50,1.5163,1,1.5163,1,1.5163,0.1,1.6163,0,0,0,-1,49
,req-74,1.5167,1,1.5167,1,1.5167,0.1,1.6167,0,0,0,-1,51
,req-74,1.5167,1,1.5167,1,1.5167,0.1,1.6167,0,0,0,-1,50
,req-65,1.5212,1,1.5212,1,1.5212,0.1,1.6212,0,0,0,-1,52
,req-36,1.5233,1,1.5233,1,1.5233,0.1,1.6233,0,0,0,-1,53
,req-74,1.5241,1,1.5241,1,1.5241,0.1,1.6241,0,0,0,-1,57
,req-75,1.5241,1,1.5241,1,1.5241,0.1,1.6241,0,0,0,-1,54
,req-74,1.5241,1,1.5241,1,1.5241,0.1,1.6241,0,0,0,-1,55
,req-75,1.5251,1,1.5251,1,1.5251,0.1,1.6251,0,0,0,-1,56
,req-75,1.5255,1,1.5255,1,1.5255,0.1,1.6255,0,0,0,-1,58
,req-75,1.5274,1,1.5274,1,1.5274,0.1,1.6274,0,0,0,-1,59
,req-75,1.5286,1,1.5286,1,1.5286,0.1,1.6286,0,0,0,-1,60
,req-75,1.5291,1,1.5291,1,1.5291,0.1,1.6291,0,0,0,-1,65
,req-71,1.5291,1,1.5291,1,1.5291,0.1,1.6291,0,0,0,-1,66
,req-76,1.5317,1,1.5317,1,1.5317,0.1,1.6317,0,0,0,-1,67
,req-76,1.532,1,1.532,1,1.532,0.1,1.632,0,0,0,-1,61
,req-76,1.5328,1,1.5328,1,1.5328,0.1,1.6328,0,0,0,-1,63
,req-76,1.5331,1,1.5331,1,1.5331,0.1,1.6331,0,0,0,-1,64
,req-76,1.5331,1,1.5331,1,1.5331,0.1,1.6331,0,0,0,-1,62
,req-77,1.5359,1,1.5359,1,1.5359,0.1,1.6359,0,0,0,-1,68
,req-50,1.5427,1,1.5427,1,1.5427,0.1,1.6427,0,0,0,-1,24
,req-52,1.5429,1,1.5429,1,1.5429,0.1,1.6429,0,0,0,-1,26
,req-77,1.5443,1,1.5443,1,1.5443,0.1,1.6443,0,0,0,-1,23
,req-77,1.5443,1,1.5443,1,1.5443,0.1,1.6443,0,0,0,-1,21
,req-77,1.5443,1,1.5443,1,1.5443,0.1,1.6443,0,0,0,-1,22
,req-77,1.5455,1,1.5455,1,1.5455,0.1,1.6455,0,0,0,-1,28
,req-77,1.5455,1,1.5455,1,1.5455,0.1,1.6455,0,0,0,-1,27
,req-77,1.5462,1,1.5462,1,1.5462,0.1,1.6462,0,0,0,-1,25
,req-77,1.5526,1,1.5526,1,1.5526,0.1,1.6526,0,0,0,-1,10
,req-71,1.5526,1,1.5526,1,1.5526,0.1,1.6526,0,0,0,-1,9
,req-78,1.553,1,1.553,1,1.553,0.1,1.653,0,0,0,-1,12
,req-78,1.5558,1,1.5558,1,1.5558,0.1,1.6558,0,0,0,-1,11
,req-78,1.5565,1,1.5565,1,1.5565,0.1,1.6565,0,0,0,-1,13
,req-78,1.5577,1,1.5577,1,1.5577,0.1,1.6577,0,0,0,-1,15
,req-78,1.5577,1,1.5577,1,1.5577,0.1,1.6577,0,0,0,-1,14
,req-78,1.5577,1,1.5577,1,1.5577,0.1,1.6577,0,0,0,-1,16
,req-78,1.5587,1,1.5587,1,1.5587,0.1,1.6587,0,0,0,-1,20
,req-79,1.5597,1,1.5597,1,1.5597,0.1,1.6597,0,0,0,-1,19
,req-79,1.5597,1,1.5597,1,1.5597,0.1,1.6597,0,0,0,-1,17
,req-79,1.5608,1,1.5608,1,1.5608,0.1,1.6608,0,0,0,-1,31
,req-79,1.5608,1,1.5608,1,1.5608,0.1,1.6608,0,0,0,-1,18
,req-79,1.5628,1,1.5628,1,1.5628,0.1,1.6628,0,0,0,-1,30
,req-79,1.5628,1,1.5628,1,1.5628,0.1,1.6628,0,0,0,-1,29
,req-56,1.5634,1,1.5634,1,1.5634,0.1,1.6634,0,0,0,-1,32
,req-79,1.5639,1,1.5639,1,1.5639,0.1,1.6639,0,0,0,-1,34
,req-80,1.5646,1,1.5646,1,1.5646,0.1,1.6646,0,0,0,-1,33
,req-52,1.5653,1,1.5653,1,1.5653,0.1,1.6653,0,0,0,-1,35
,req-51,1.5665,1,1.5665,1,1.5665,0.1,1.6665,0,0,0,-1,36
,req-59,1.5674,1,1.5674,1,1.5674,0.1,1.6674,0,0,0,-1,37
,req-80,1.5682,1,1.5682,1,1.5682,0.1,1.6682,0,0,0,-1,39
,req-80,1.5684,1,1.5684,1,1.5684,0.1,1.6684,0,0,0,-1,40
,req-67,1.5692,1,1.5692,1,1.5692,0.1,1.6692,0,0,0,-1,38
,req-56,1.6035,1,1.6035,1,1.6035,0.1,1.7035,0,0,0,-1,2
,req-60,1.6041,1,1.6041,1,1.6041,0.1,1.7041,0,0,0,-1,1
,req-62,1.6048,1,1.6048,1,1.6048,0.1,1.7048,0,0,0,-1,5
,req-63,1.6066,1,1.6066,1,1.6066,0.1,1.7066,0,0,0,-1,7
,req-63,1.6066,1,1.6066,1,1.6066,0.1,1.7066,0,0,0,-1,3
,req-67,1.6067,1,1.6067,1,1.6067,0.1,1.7067,0,0,0,-1,4
,req-54,1.6078,1,1.6078,1,1.6078,0.1,1.7078,0,0,0,-1,6
,req-67,1.6079,1,1.6079,1,1.6079,0.1,1.7079,0,0,0,-1,8
,req-70,1.6085,1,1.6085,1,1.6085,0.1,1.7085,0,0,0,-1,44
,req-72,1.6102,1,1.6102,1,1.6102,0.1,1.7102,0,0,0,-1,42
,req-72,1.6102,1,1.6102,1,1.6102,0.1,1.7102,0,0,0,-1,43
,req-72,1.6102,1,1.6102,1,1.6102,0.1,1.7102,0,0,0,-1,41
,req-67,1.6124,1,1.6124,1,1.6124,0.1,1.7124,0,0,0,-1,45
,req-68,1.6136,1,1.6136,1,1.6136,0.1,1.7136,0,0,0,-1,46
,req-80,1.6155,1,1.6155,1,1.6155,0.1,1.7155,0,0,0,-1,48
,req-80,1.6155,1,1.6155,1,1.6155,0.1,1.7155,0,0,0,-1,47
,req-80,1.6164,1,1.6164,1,1.6164,0.1,1.7164,0,0,0,-1,49
,req-80,1.6169,1,1.6169,1,1.6169,0.1,1.7169,0,0,0,-1,50
,req-80,1.6169,1,1.6169,1,1.6169,0.1,1.7169,0,0,0,-1,51
,req-42,1.6213,1,1.6213,1,1.6213,0.1,1.7213,0,0,0,-1,52
,req-49,1.6234,1,1.6234,1,1.6234,0.1,1.7234,0,0,0,-1,53
,req-38,1.6242,1,1.6242,1,1.6242,0.1,1.7242,0,0,0,-1,57
,req-62,1.6242,1,1.6242,1,1.6242,0.1,1.7242,0,0,0,-1,54
,req-67,1.6244,1,1.6244,1,1.6244,0.1,1.7244,0,0,0,-1,55
,req-66,1.6252,1,1.6252,1,1.6252,0.1,1.7252,0,0,0,-1,56
,req-66,1.6256,1,1.6256,1,1.6256,0.1,1.7256,0,0,0,-1,58
,req-52,1.6275,1,1.6275,1,1.6275,0.1,1.7275,0,0,0,-1,59
,req-64,1.6287,1,1.6287,1,1.6287,0.1,1.7287,0,0,0,-1,60
,req-69,1.6296,1,1.6296,1,1.6296,0.1,1.7296,0,0,0,-1,65
,req-80,1.6307,1,1.6307,1,1.6307,0.1,1.7307,0,0,0,-1,66
,req-81,1.6318,1,1.6318,1,1.6318,0.1,1.7318,0,0,0,-1,67
,req-81,1.6321,1,1.6321,1,1.6321,0.1,1.7321,0,0,0,-1,61
,req-81,1.6331,1,1.6331,1,1.6331,0.1,1.7331,0,0,0,-1,62
,req-81,1.6331,1,1.6331,1,1.6331,0.1,1.7331,0,0,0,-1,64
,req-81,1.6331,1,1.6331,1,1.6331,0.1,1.7331,0,0,0,-1,63
,req-81,1.6361,1,1.6361,1,1.6361,0.1,1.7361,0,0,0,-1,68
,req-72,1.643,1,1.643,1,1.643,0.1,1.743,0,0,0,-1,26
,req-64,1.643,1,1.643,1,1.643,0.1,1.743,0,0,0,-1,24
,req-59,1.6444,1,1.6444,1,1.6444,0.1,1.7444,0,0,0,-1,23
,req-81,1.6445,1,1.6445,1,1.6445,0.1,1.7445,0,0,0,-1,22
,req-81,1.6445,1,1.6445,1,1.6445,0.1,1.7445,0,0,0,-1,21
,req-82,1.6459,1,1.6459,1,1.6459,0.1,1.7459,0,0,0,-1,27
,req-82,1.6459,1,1.6459,1,1.6459,0.1,1.7459,0,0,0,-1,28
,req-82,1.6464,1,1.6464,1,1.6464,0.1,1.7464,0,0,0,-1,25
,req-64,1.6527,1,1.6527,1,1.6527,0.1,1.7527,0,0,0,-1,9
,req-61,1.6527,1,1.6527,1,1.6527,0.1,1.7527,0,0,0,-1,10
,req-65,1.6532,1,1.6532,1,1.6532,0.1,1.7532,0,0,0,-1,12
,req-43,1.6559,1,1.6559,1,1.6559,0.1,1.7559,0,0,0,-1,11
,req-68,1.6567,1,1.6567,1,1.6567,0.1,1.7567,0,0,0,-1,13
,req-76,1.658,1,1.658,1,1.658,0.1,1.758,0,0,0,-1,15
,req-82,1.6585,1,1.6585,1,1.6585,0.1,1.7585,0,0,0,-1,16
,req-82,1.6585,1,1.6585,1,1.6585,0.1,1.7585,0,0,0,-1,14
,req-82,1.6589,1,1.6589,1,1.6589,0.1,1.7589,0,0,0,-1,20
,req-82,1.6599,1,1.6599,1,1.6599,0.1,1.7599,0,0,0,-1,17
,req-82,1.6599,1,1.6599,1,1.6599,0.1,1.7599,0,0,0,-1,19
,req-83,1.661,1,1.661,1,1.661,0.1,1.761,0,0,0,-1,31
,req-83,1.661,1,1.661,1,1.661,0.1,1.761,0,0,0,-1,18
,req-83,1.6629,1,1.6629,1,1.6629,0.1,1.7629,0,0,0,-1,29
,req-83,1.6629,1,1.6629,1,1.6629,0.1,1.7629,0,0,0,-1,30
,req-54,1.6635,1,1.6635,1,1.6635,0.1,1.7635,0,0,0,-1,32
,req-57,1.664,1,1.664,1,1.664,0.1,1.764,0,0,0,-1,34
,req-62,1.6647,1,1.6647,1,1.6647,0.1,1.7647,0,0,0,-1,33
,req-64,1.6655,1,1.6655,1,1.6655,0.1,1.7655,0,0,0,-1,35
,req-83,1.6669,1,1.6669,1,1.6669,0.1,1.7669,0,0,0,-1,36
,req-61,1.6675,1,1.6675,1,1.6675,0.1,1.7675,0,0,0,-1,37
,req-83,1.6683,1,1.6683,1,1.6683,0.1,1.7683,0,0,0,-1,39
,req-83,1.6686,1,1.6686,1,1.6686,0.1,1.7686,0,0,0,-1,40
,req-83,1.6693,1,1.6693,1,1.6693,0.1,1.7693,0,0,0,-1,38
,req-41,1.7037,1,1.7037,1,1.7037,0.1,1.8037,0,0,0,-1,2
,req-55,1.7044,1,1.7044,1,1.7044,0.1,1.8044,0,0,0,-1,1
,req-58,1.705,1,1.705,1,1.705,0.1,1.805,0,0,0,-1,5
,req-60,1.7067,1,1.7067,1,1.7067,0.1,1.8067,0,0,0,-1,4
,req-59,1.7067,1,1.7067,1,1.7067,0.1,1.8067,0,0,0,-1,3
,req-66,1.707,1,1.707,1,1.707,0.1,1.807,0,0,0,-1,7
,req-68,1.7079,1,1.7079,1,1.7079,0.1,1.8079,0,0,0,-1,8
,req-47,1.7079,1,1.7079,1,1.7079,0.1,1.8079,0,0,0,-1,6
,req-72,1.7087,1,1.7087,1,1.7087,0.1,1.8087,0,0,0,-1,44
,req-72,1.7103,1,1.7103,1,1.7103,0.1,1.8103,0,0,0,-1,43
,req-70,1.7103,1,1.7103,1,1.7103,0.1,1.8103,0,0,0,-1,42
,req-77,1.7117,1,1.7117,1,1.7117,0.1,1.8117,0,0,0,-1,41
,req-79,1.7128,1,1.7128,1,1.7128,0.1,1.8128,0,0,0,-1,45
,req-83,1.714,1,1.714,1,1.714,0.1,1.814,0,0,0,-1,46
,req-84,1.7157,1,1.7157,1,1.7157,0.1,1.8157,0,0,0,-1,47
,req-83,1.7157,1,1.7157,1,1.7157,0.1,1.8157,0,0,0,-1,48
,req-84,1.7165,1,1.7165,1,1.7165,0.1,1.8165,0,0,0,-1,49
,req-85,1.7172,1,1.7172,1,1.7172,0.1,1.8172,0,0,0,-1,51
,req-84,1.7172,1,1.7172,1,1.7172,0.1,1.8172,0,0,0,-1,50
,req-76,1.7214,1,1.7214,1,1.7214,0.1,1.8214,0,0,0,-1,52
,req-85,1.7235,1,1.7235,1,1.7235,0.1,1.8235,0,0,0,-1,53
,req-85,1.7244,1,1.7244,1,1.7244,0.1,1.8244,0,0,0,-1,57
,req-85,1.7244,1,1.7244,1,1.7244,0.1,1.8244,0,0,0,-1,55
,req-69,1.7244,1,1.7244,1,1.7244,0.1,1.8244,0,0,0,-1,54
,req-85,1.7254,1,1.7254,1,1.7254,0.1,1.8254,0,0,0,-1,56
,req-85,1.7258,1,1.7258,1,1.7258,0.1,1.8258,0,0,0,-1,58
,req-77,1.7278,1,1.7278,1,1.7278,0.1,1.8278,0,0,0,-1,59
,req-68,1.7288,1,1.7288,1,1.7288,0.1,1.8288,0,0,0,-1,60
,req-85,1.7297,1,1.7297,1,1.7297,0.1,1.8297,0,0,0,-1,65
,req-73,1.7308,1,1.7308,1,1.7308,0.1,1.8308,0,0,0,-1,66
,req-73,1.7319,1,1.7319,1,1.7319,0.1,1.8319,0,0,0,-1,67
,req-75,1.7322,1,1.7322,1,1.7322,0.1,1.8322,0,0,0,-1,61
,req-75,1.7332,1,1.7332,1,1.7332,0.1,1.8332,0,0,0,-1,63
,req-75,1.7332,1,1.7332,1,1.7332,0.1,1.8332,0,0,0,-1,64
,req-75,1.7332,1,1.7332,1,1.7332,0.1,1.8332,0,0,0,-1,62
,req-57,1.7362,1,1.7362,1,1.7362,0.1,1.8362,0,0,0,-1,68
,req-76,1.7431,1,1.7431,1,1.7431,0.1,1.8431,0,0,0,-1,26
,req-74,1.7431,1,1.7431,1,1.7431,0.1,1.8431,0,0,0,-1,24
,req-86,1.7452,1,1.7452,1,1.7452,0.1,1.8452,0,0,0,-1,21
,req-86,1.7452,1,1.7452,1,1.7452,0.1,1.8452,0,0,0,-1,22
,req-86,1.7452,1,1.7452,1,1.7452,0.1,1.8452,0,0,0,-1,23
,req-86,1.7461,1,1.7461,1,1.7461,0.1,1.8461,0,0,0,-1,28
,req-86,1.7461,1,1.7461,1,1.7461,0.1,1.8461,0,0,0,-1,27
,req-86,1.7466,1,1.7466,1,1.7466,0.1,1.8466,0,0,0,-1,25
,req-51,1.7528,1,1.7528,1,1.7528,0.1,1.8528,0,0,0,-1,9
,req-65,1.7529,1,1.7529,1,1.7529,0.1,1.8529,0,0,0,-1,10
,req-71,1.7533,1,1.7533,1,1.7533,0.1,1.8533,0,0,0,-1,12
,req-46,1.756,1,1.756,1,1.756,0.1,1.856,0,0,0,-1,11
,req-86,1.7571,1,1.7571,1,1.7571,0.1,1.8571,0,0,0,-1,13
,req-86,1.7582,1,1.7582,1,1.7582,0.1,1.8582,0,0,0,-1,15
,req-86,1.7587,1,1.7587,1,1.7587,0.1,1.8587,0,0,0,-1,14
,req-86,1.7587,1,1.7587,1,1.7587,0.1,1.8587,0,0,0,-1,16
,req-87,1.7591,1,1.7591,1,1.7591,0.1,1.8591,0,0,0,-1,20
,req-87,1.7601,1,1.7601,1,1.7601,0.1,1.8601,0,0,0,-1,19
,req-87,1.7601,1,1.7601,1,1.7601,0.1,1.8601,0,0,0,-1,17
,req-87,1.7611,1,1.7611,1,1.7611,0.1,1.8611,0,0,0,-1,31
,req-87,1.7611,1,1.7611,1,1.7611,0.1,1.8611,0,0,0,-1,18
,req-48,1.763,1,1.763,1,1.763,0.1,1.863,0,0,0,-1,29
,req-87,1.7632,1,1.7632,1,1.7632,0.1,1.8632,0,0,0,-1,30
,req-37,1.7637,1,1.7637,1,1.7637,0.1,1.8637,0,0,0,-1,32
,req-87,1.7641,1,1.7641,1,1.7641,0.1,1.8641,0,0,0,-1,34
,req-87,1.7648,1,1.7648,1,1.7648,0.1,1.8648,0,0,0,-1,33
,req-80,1.7657,1,1.7657,1,1.7657,0.1,1.8657,0,0,0,-1,35
,req-57,1.767,1,1.767,1,1.767,0.1,1.867,0,0,0,-1,36
,req-62,1.7677,1,1.7677,1,1.7677,0.1,1.8677,0,0,0,-1,37
,req-70,1.7685,1,1.7685,1,1.7685,0.1,1.8685,0,0,0,-1,39
,req-82,1.7687,1,1.7687,1,1.7687,0.1,1.8687,0,0,0,-1,40
,req-68,1.7695,1,1.7695,1,1.7695,0.1,1.8695,0,0,0,-1,38
,req-44,1.8038,1,1.8038,1,1.8038,0.1,1.9038,0,0,0,-1,2
,req-50,1.8045,1,1.8045,1,1.8045,0.1,1.9045,0,0,0,-1,1
,req-53,1.8051,1,1.8051,1,1.8051,0.1,1.9051,0,0,0,-1,5
,req-63,1.8074,1,1.8074,1,1.8074,0.1,1.9074,0,0,0,-1,7
,req-71,1.8076,1,1.8076,1,1.8076,0.1,1.9076,0,0,0,-1,3
,req-67,1.8076,1,1.8076,1,1.8076,0.1,1.9076,0,0,0,-1,4
,req-74,1.808,1,1.808,1,1.808,0.1,1.908,0,0,0,-1,6
,req-73,1.808,1,1.808,1,1.808,0.1,1.908,0,0,0,-1,8
,req-75,1.8089,1,1.8089,1,1.8089,0.1,1.9089,0,0,0,-1,44
,req-68,1.8104,1,1.8104,1,1.8104,0.1,1.9104,0,0,0,-1,43
,req-77,1.8105,1,1.8105,1,1.8105,0.1,1.9105,0,0,0,-1,42
,req-78,1.8118,1,1.8118,1,1.8118,0.1,1.9118,0,0,0,-1,41
,req-80,1.8129,1,1.8129,1,1.8129,0.1,1.9129,0,0,0,-1,45
,req-54,1.8141,1,1.8141,1,1.8141,0.1,1.9141,0,0,0,-1,46
,req-80,1.8159,1,1.8159,1,1.8159,0.1,1.9159,0,0,0,-1,47
,req-87,1.817,1,1.817,1,1.817,0.1,1.917,0,0,0,-1,49
,req-87,1.817,1,1.817,1,1.817,0.1,1.917,0,0,0,-1,48
,req-88,1.8174,1,1.8174,1,1.8174,0.1,1.9174,0,0,0,-1,50
,req-88,1.8174,1,1.8174,1,1.8174,0.1,1.9174,0,0,0,-1,51
,req-78,1.8215,1,1.8215,1,1.8215,0.1,1.9215,0,0,0,-1,52
,req-88,1.8236,1,1.8236,1,1.8236,0.1,1.9236,0,0,0,-1,53
,req-45,1.8245,1,1.8245,1,1.8245,0.1,1.9245,0,0,0,-1,57
,req-89,1.8247,1,1.8247,1,1.8247,0.1,1.9247,0,0,0,-1,54
,req-88,1.8247,1,1.8247,1,1.8247,0.1,1.9247,0,0,0,-1,55
,req-89,1.8257,1,1.8257,1,1.8257,0.1,1.9257,0,0,0,-1,56
,req-89,1.8259,1,1.8259,1,1.8259,0.1,1.9259,0,0,0,-1,58
,req-56,1.8279,1,1.8279,1,1.8279,0.1,1.9279,0,0,0,-1,59
,req-90,1.829,1,1.829,1,1.829,0.1,1.929,0,0,0,-1,60
,req-71,1.8299,1,1.8299,1,1.8299,0.1,1.9299,0,0,0,-1,65
,req-90,1.8309,1,1.8309,1,1.8309,0.1,1.9309,0,0,0,-1,66
,req-90,1.832,1,1.832,1,1.832,0.1,1.932,0,0,0,-1,67
,req-90,1.8323,1,1.8323,1,1.8323,0.1,1.9323,0,0,0,-1,61
,req-90,1.8335,1,1.8335,1,1.8335,0.1,1.9335,0,0,0,-1,62
,req-90,1.8335,1,1.8335,1,1.8335,0.1,1.9335,0,0,0,-1,64
,req-78,1.8335,1,1.8335,1,1.8335,0.1,1.9335,0,0,0,-1,63
,req-90,1.8363,1,1.8363,1,1.8363,0.1,1.9363,0,0,0,-1,68
,req-66,1.8433,1,1.8433,1,1.8433,0.1,1.9433,0,0,0,-1,24
,req-90,1.8434,1,1.8434,1,1.8434,0.1,1.9434,0,0,0,-1,26
,req-80,1.8453,1,1.8453,1,1.8453,0.1,1.9453,0,0,0,-1,21
,req-81,1.8456,1,1.8456,1,1.8456,0.1,1.9456,0,0,0,-1,22
,req-86,1.8457,1,1.8457,1,1.8457,0.1,1.9457,0,0,0,-1,23
,req-91,1.8466,1,1.8466,1,1.8466,0.1,1.9466,0,0,0,-1,25
,req-91,1.8466,1,1.8466,1,1.8466,0.1,1.9466,0,0,0,-1,27
,req-90,1.8466,1,1.8466,1,1.8466,0.1,1.9466,0,0,0,-1,28
,req-91,1.8529,1,1.8529,1,1.8529,0.1,1.9529,0,0,0,-1,10
,req-71,1.8529,1,1.8529,1,1.8529,0.1,1.9529,0,0,0,-1,9
,req-92,1.8535,1,1.8535,1,1.8535,0.1,1.9535,0,0,0,-1,12
,req-79,1.8561,1,1.8561,1,1.8561,0.1,1.9561,0,0,0,-1,11
,req-79,1.8573,1,1.8573,1,1.8573,0.1,1.9573,0,0,0,-1,13
,req-92,1.8587,1,1.8587,1,1.8587,0.1,1.9587,0,0,0,-1,16
,req-92,1.8587,1,1.8587,1,1.8587,0.1,1.9587,0,0,0,-1,14
,req-92,1.8587,1,1.8587,1,1.8587,0.1,1.9587,0,0,0,-1,15
,req-92,1.8594,1,1.8594,1,1.8594,0.1,1.9594,0,0,0,-1,20
,req-93,1.8603,1,1.8603,1,1.8603,0.1,1.9603,0,0,0,-1,17
,req-92,1.8603,1,1.8603,1,1.8603,0.1,1.9603,0,0,0,-1,19
,req-93,1.8615,1,1.8615,1,1.8615,0.1,1.9615,0,0,0,-1,31
,req-93,1.8615,1,1.8615,1,1.8615,0.1,1.9615,0,0,0,-1,18
,req-67,1.8631,1,1.8631,1,1.8631,0.1,1.9631,0,0,0,-1,29
,req-93,1.8633,1,1.8633,1,1.8633,0.1,1.9633,0,0,0,-1,30
,req-93,1.8638,1,1.8638,1,1.8638,0.1,1.9638,0,0,0,-1,32
,req-93,1.8643,1,1.8643,1,1.8643,0.1,1.9643,0,0,0,-1,34
,req-93,1.8649,1,1.8649,1,1.8649,0.1,1.9649,0,0,0,-1,33
,req-80,1.8658,1,1.8658,1,1.8658,0.1,1.9658,0,0,0,-1,35
,req-81,1.8672,1,1.8672,1,1.8672,0.1,1.9672,0,0,0,-1,36
,req-93,1.8682,1,1.8682,1,1.8682,0.1,1.9682,0,0,0,-1,37
,req-93,1.8687,1,1.8687,1,1.8687,0.1,1.9687,0,0,0,-1,40
,req-93,1.8687,1,1.8687,1,1.8687,0.1,1.9687,0,0,0,-1,39
,req-94,1.8698,1,1.8698,1,1.8698,0.1,1.9698,0,0,0,-1,38
,req-61,1.9042,1,1.9042,1,1.9042,0.1,2.0042,0,0,0,-1,2
,req-63,1.9046,1,1.9046,1,1.9046,0.1,2.0046,0,0,0,-1,1
,req-64,1.9052,1,1.9052,1,1.9052,0.1,2.0052,0,0,0,-1,5
,req-65,1.9075,1,1.9075,1,1.9075,0.1,2.0075,0,0,0,-1,7
,req-72,1.9078,1,1.9078,1,1.9078,0.1,2.0078,0,0,0,-1,4
,req-71,1.9078,1,1.9078,1,1.9078,0.1,2.0078,0,0,0,-1,3
,req-77,1.9086,1,1.9086,1,1.9086,0.1,2.0086,0,0,0,-1,8
,req-77,1.9086,1,1.9086,1,1.9086,0.1,2.0086,0,0,0,-1,6
,req-77,1.9091,1,1.9091,1,1.9091,0.1,2.0091,0,0,0,-1,44
,req-82,1.9107,1,1.9107,1,1.9107,0.1,2.0107,0,0,0,-1,43
,req-74,1.9109,1,1.9109,1,1.9109,0.1,2.0109,0,0,0,-1,42
,req-75,1.9119,1,1.9119,1,1.9119,0.1,2.0119,0,0,0,-1,41
,req-94,1.9137,1,1.9137,1,1.9137,0.1,2.0137,0,0,0,-1,45
,req-94,1.9142,1,1.9142,1,1.9142,0.1,2.0142,0,0,0,-1,46
,req-94,1.916,1,1.916,1,1.916,0.1,2.016,0,0,0,-1,47
,req-82,1.9171,1,1.9171,1,1.9171,0.1,2.0171,0,0,0,-1,49
,req-82,1.9171,1,1.9171,1,1.9171,0.1,2.0171,0,0,0,-1,48
,req-95,1.9177,1,1.9177,1,1.9177,0.1,2.0177,0,0,0,-1,51
,req-95,1.9177,1,1.9177,1,1.9177,0.1,2.0177,0,0,0,-1,50
,req-95,1.9217,1,1.9217,1,1.9217,0.1,2.0217,0,0,0,-1,52
,req-96,1.9238,1,1.9238,1,1.9238,0.1,2.0238,0,0,0,-1,53
,req-96,1.9246,1,1.9246,1,1.9246,0.1,2.0246,0,0,0,-1,57
,req-96,1.925,1,1.925,1,1.925,0.1,2.025,0,0,0,-1,55
,req-96,1.925,1,1.925,1,1.925,0.1,2.025,0,0,0,-1,54
,req-96,1.9259,1,1.9259,1,1.9259,0.1,2.0259,0,0,0,-1,56
,req-96,1.9259,1,1.9259,1,1.9259,0.1,2.0259,0,0,0,-1,58
,req-64,1.928,1,1.928,1,1.928,0.1,2.028,0,0,0,-1,59
,req-67,1.9291,1,1.9291,1,1.9291,0.1,2.0291,0,0,0,-1,60
,req-96,1.9301,1,1.9301,1,1.9301,0.1,2.0301,0,0,0,-1,65
,req-74,1.931,1,1.931,1,1.931,0.1,2.031,0,0,0,-1,66
,req-85,1.9321,1,1.9321,1,1.9321,0.1,2.0321,0,0,0,-1,67
,req-86,1.9324,1,1.9324,1,1.9324,0.1,2.0324,0,0,0,-1,61
,req-97,1.9339,1,1.9339,1,1.9339,0.1,2.0339,0,0,0,-1,63
,req-97,1.9339,1,1.9339,1,1.9339,0.1,2.0339,0,0,0,-1,64
,req-97,1.9339,1,1.9339,1,1.9339,0.1,2.0339,0,0,0,-1,62
,req-83,1.9364,1,1.9364,1,1.9364,0.1,2.0364,0,0,0,-1,68
,req-73,1.9436,1,1.9436,1,1.9436,0.1,2.0436,0,0,0,-1,24
,req-97,1.9437,1,1.9437,1,1.9437,0.1,2.0437,0,0,0,-1,26
,req-58,1.9454,1,1.9454,1,1.9454,0.1,2.0454,0,0,0,-1,21
,req-81,1.9458,1,1.9458,1,1.9458,0.1,2.0458,0,0,0,-1,22
,req-97,1.946,1,1.946,1,1.946,0.1,2.046,0,0,0,-1,23
,req-83,1.9467,1,1.9467,1,1.9467,0.1,2.0467,0,0,0,-1,25
,req-97,1.9468,1,1.9468,1,1.9468,0.1,2.0468,0,0,0,-1,28
,req-97,1.9468,1,1.9468,1,1.9468,0.1,2.0468,0,0,0,-1,27
,req-83,1.953,1,1.953,1,1.953,0.1,2.053,0,0,0,-1,9
,req-76,1.953,1,1.953,1,1.953,0.1,2.053,0,0,0,-1,10
,req-75,1.9536,1,1.9536,1,1.9536,0.1,2.0536,0,0,0,-1,12
,req-83,1.9563,1,1.9563,1,1.9563,0.1,2.0563,0,0,0,-1,11
,req-78,1.9574,1,1.9574,1,1.9574,0.1,2.0574,0,0,0,-1,13
,req-83,1.9589,1,1.9589,1,1.9589,0.1,2.0589,0,0,0,-1,16
,req-97,1.9602,1,1.9602,1,1.9602,0.1,2.0602,0,0,0,-1,20
,req-97,1.9602,1,1.9602,1,1.9602,0.1,2.0602,0,0,0,-1,15
,req-97,1.9602,1,1.9602,1,1.9602,0.1,2.0602,0,0,0,-1,14
,req-98,1.9605,1,1.9605,1,1.9605,0.1,2.0605,0,0,0,-1,19
,req-98,1.9605,1,1.9605,1,1.9605,0.1,2.0605,0,0,0,-1,17
,req-98,1.9617,1,1.9617,1,1.9617,0.1,2.0617,0,0,0,-1,31
,req-98,1.9617,1,1.9617,1,1.9617,0.1,2.0617,0,0,0,-1,18
,req-98,1.9632,1,1.9632,1,1.9632,0.1,2.0632,0,0,0,-1,29
,req-98,1.9634,1,1.9634,1,1.9634,0.1,2.0634,0,0,0,-1,30
,req-57,1.9639,1,1.9639,1,1.9639,0.1,2.0639,0,0,0,-1,32
,req-59,1.9644,1,1.9644,1,1.9644,0.1,2.0644,0,0,0,-1,34
,req-99,1.9653,1,1.9653,1,1.9653,0.1,2.0653,0,0,0,-1,33
,req-81,1.9659,1,1.9659,1,1.9659,0.1,2.0659,0,0,0,-1,35
,req-99,1.9673,1,1.9673,1,1.9673,0.1,2.0673,0,0,0,-1,36
,req-62,1.9683,1,1.9683,1,1.9683,0.1,2.0683,0,0,0,-1,37
,req-72,1.9688,1,1.9688,1,1.9688,0.1,2.0688,0,0,0,-1,40
,req-99,1.969,1,1.969,1,1.969,0.1,2.069,0,0,0,-1,39
,req-99,1.97,1,1.97,1,1.97,0.1,2.07,0,0,0,-1,38
,req-52,2.0043,1,2.0043,1,2.0043,0.1,2.1043,0,0,0,-1,2
,req-60,2.0047,1,2.0047,1,2.0047,0.1,2.1047,0,0,0,-1,1
,req-75,2.0054,1,2.0054,1,2.0054,0.1,2.1054,0,0,0,-1,5
,req-86,2.0082,1,2.0082,1,2.0082,0.1,2.1082,0,0,0,-1,3
,req-85,2.0082,1,2.0082,1,2.0082,0.1,2.1082,0,0,0,-1,4
,req-84,2.0082,1,2.0082,1,2.0082,0.1,2.1082,0,0,0,-1,7
,req-87,2.0086,1,2.0086,1,2.0086,0.1,2.1086,0,0,0,-1,6
,req-87,2.0086,1,2.0086,1,2.0086,0.1,2.1086,0,0,0,-1,8
,req-87,2.0093,1,2.0093,1,2.0093,0.1,2.1093,0,0,0,-1,44
,req-87,2.0109,1,2.0109,1,2.0109,0.1,2.1109,0,0,0,-1,43
,req-90,2.0113,1,2.0113,1,2.0113,0.1,2.1113,0,0,0,-1,42
,req-93,2.013,1,2.013,1,2.013,0.1,2.113,0,0,0,-1,41
,req-99,2.0144,1,2.0144,1,2.0144,0.1,2.1144,0,0,0,-1,46
,req-99,2.0144,1,2.0144,1,2.0144,0.1,2.1144,0,0,0,-1,45
,req-99,2.0162,1,2.0162,1,2.0162,0.1,2.1162,0,0,0,-1,47
,req-74,2.0254,1,2.0254,1,2.0254,0.1,2.1254,0,0,0,-1,48
,req-80,2.0254,1,2.0254,1,2.0254,0.1,2.1254,0,0,0,-1,57
,req-77,2.0277,1,2.0277,1,2.0277,0.1,2.1277,0,0,0,-1,58
,req-79,2.0278,1,2.0278,1,2.0278,0.1,2.1278,0,0,0,-1,49
,req-62,2.0282,1,2.0282,1,2.0282,0.1,2.1282,0,0,0,-1,59
,req-91,2.03,1,2.03,1,2.03,0.1,2.13,0,0,0,-1,60
,req-87,2.0311,1,2.0311,1,2.0311,0.1,2.1311,0,0,0,-1,65
,req-92,2.0327,1,2.0327,1,2.0327,0.1,2.1327,0,0,0,-1,61
,req-92,2.0328,1,2.0328,1,2.0328,0.1,2.1328,0,0,0,-1,66
,req-92,2.0329,1,2.0329,1,2.0329,0.1,2.1329,0,0,0,-1,67
,req-92,2.033,1,2.033,1,2.033,0.1,2.133,0,0,0,-1,51
,req-86,2.0331,1,2.0331,1,2.0331,0.1,2.1331,0,0,0,-1,50
,req-86,2.0332,1,2.0332,1,2.0332,0.1,2.1332,0,0,0,-1,52
,req-86,2.0333,1,2.0333,1,2.0333,0.1,2.1333,0,0,0,-1,53
,req-87,2.0337,1,2.0337,1,2.0337,0.1,2.1337,0,0,0,-1,55
,req-84,2.0482,1,2.0482,1,2.0482,0.1,2.1482,0,0,0,-1,68
,req-89,2.0498,1,2.0498,1,2.0498,0.1,2.1498,0,0,0,-1,54
,req-86,2.0535,1,2.0535,1,2.0535,0.1,2.1535,0,0,0,-1,56
,req-96,2.0547,1,2.0547,1,2.0547,0.1,2.1547,0,0,0,-1,63
,req-85,2.0586,1,2.0586,1,2.0586,0.1,2.1586,0,0,0,-1,13
,req-69,2.0678,1,2.0678,1,2.0678,0.1,2.1678,0,0,0,-1,64
,req-70,2.0691,1,2.0691,1,2.0691,0.1,2.1691,0,0,0,-1,62
,req-92,2.0725,1,2.0725,1,2.0725,0.1,2.1725,0,0,0,-1,16
,req-94,2.0744,1,2.0744,1,2.0744,0.1,2.1744,0,0,0,-1,15
,req-55,2.0774,1,2.0774,1,2.0774,0.1,2.1774,0,0,0,-1,14
,req-78,2.0776,1,2.0776,1,2.0776,0.1,2.1776,0,0,0,-1,9
,req-71,2.0781,1,2.0781,1,2.0781,0.1,2.1781,0,0,0,-1,10
,req-83,2.0785,1,2.0785,1,2.0785,0.1,2.1785,0,0,0,-1,12
,req-83,2.0786,1,2.0786,1,2.0786,0.1,2.1786,0,0,0,-1,11
,req-68,2.0798,1,2.0798,1,2.0798,0.1,2.1798,0,0,0,-1,20
,req-94,2.0844,1,2.0844,1,2.0844,0.1,2.1844,0,0,0,-1,19
,req-88,2.0859,1,2.0859,1,2.0859,0.1,2.1859,0,0,0,-1,17
,req-88,2.086,1,2.086,1,2.086,0.1,2.186,0,0,0,-1,18
,req-95,2.0879,1,2.0879,1,2.0879,0.1,2.1879,0,0,0,-1,24
,req-68,2.0909,1,2.0909,1,2.0909,0.1,2.1909,0,0,0,-1,21
,req-91,2.0924,1,2.0924,1,2.0924,0.1,2.1924,0,0,0,-1,22
,req-93,2.0942,1,2.0942,1,2.0942,0.1,2.1942,0,0,0,-1,23
,req-79,2.099,1,2.099,1,2.099,0.1,2.199,0,0,0,-1,26
,req-90,2.0992,1,2.0992,1,2.0992,0.1,2.1992,0,0,0,-1,25
,req-90,2.1121,1,2.1121,1,2.1121,0.1,2.2121,0,0,0,-1,28
,req-94,2.1162,1,2.1162,1,2.1162,0.1,2.2162,0,0,0,-1,27
,req-64,2.1182,1,2.1182,1,2.1182,0.1,2.2182,0,0,0,-1,46
,req-98,2.1219,1,2.1219,1,2.1219,0.1,2.2219,0,0,0,-1,45
,req-98,2.1236,1,2.1236,1,2.1236,0.1,2.2236,0,0,0,-1,47
,req-82,2.1274,1,2.1274,1,2.1274,0.1,2.2274,0,0,0,-1,48
,req-80,2.1279,1,2.1279,1,2.1279,0.1,2.2279,0,0,0,-1,49
,req-98,2.1307,1,2.1307,1,2.1307,0.1,2.2307,0,0,0,-1,2
,req-98,2.1308,1,2.1308,1,2.1308,0.1,2.2308,0,0,0,-1,1
,req-95,2.1319,1,2.1319,1,2.1319,0.1,2.2319,0,0,0,-1,65
,req-66,2.1337,1,2.1337,1,2.1337,0.1,2.2337,0,0,0,-1,61
,req-90,2.1391,1,2.1391,1,2.1391,0.1,2.2391,0,0,0,-1,3
,req-76,2.1432,1,2.1432,1,2.1432,0.1,2.2432,0,0,0,-1,4
,req-82,2.1475,1,2.1475,1,2.1475,0.1,2.2475,0,0,0,-1,53
,req-97,2.1504,1,2.1504,1,2.1504,0.1,2.2504,0,0,0,-1,55
,req-93,2.1538,1,2.1538,1,2.1538,0.1,2.2538,0,0,0,-1,54
,req-93,2.1539,1,2.1539,1,2.1539,0.1,2.2539,0,0,0,-1,56
,req-93,2.154,1,2.154,1,2.154,0.1,2.254,0,0,0,-1,51
,req-93,2.1541,1,2.1541,1,2.1541,0.1,2.2541,0,0,0,-1,50
,req-81,2.1561,1,2.1561,1,2.1561,0.1,2.2561,0,0,0,-1,52
,req-97,2.1572,1,2.1572,1,2.1572,0.1,2.2572,0,0,0,-1,63
,req-73,2.1638,1,2.1638,1,2.1638,0.1,2.2638,0,0,0,-1,13
,req-62,2.1783,1,2.1783,1,2.1783,0.1,2.2783,0,0,0,-1,64
,req-87,2.1791,1,2.1791,1,2.1791,0.1,2.2791,0,0,0,-1,62
,req-99,2.1847,1,2.1847,1,2.1847,0.1,2.2847,0,0,0,-1,20
,req-81,2.186,1,2.186,1,2.186,0.1,2.286,0,0,0,-1,19
,req-88,2.1861,1,2.1861,1,2.1861,0.1,2.2861,0,0,0,-1,18
,req-88,2.1861,1,2.1861,1,2.1861,0.1,2.2861,0,0,0,-1,17
,req-97,2.1871,1,2.1871,1,2.1871,0.1,2.2871,0,0,0,-1,66
,req-69,2.1879,1,2.1879,1,2.1879,0.1,2.2879,0,0,0,-1,24
,req-70,2.1892,1,2.1892,1,2.1892,0.1,2.2892,0,0,0,-1,67
,req-63,2.1954,1,2.1954,1,2.1954,0.1,2.2954,0,0,0,-1,68
,req-80,2.1957,1,2.1957,1,2.1957,0.1,2.2957,0,0,0,-1,16
,req-75,2.2021,1,2.2021,1,2.2021,0.1,2.3021,0,0,0,-1,15
,req-97,2.2041,1,2.2041,1,2.2041,0.1,2.3041,0,0,0,-1,14
,req-78,2.2078,1,2.2078,1,2.2078,0.1,2.3078,0,0,0,-1,26
,req-89,2.2113,1,2.2113,1,2.2113,0.1,2.3113,0,0,0,-1,25
,req-90,2.2122,1,2.2122,1,2.2122,0.1,2.3122,0,0,0,-1,28
,req-91,2.2123,1,2.2123,1,2.2123,0.1,2.3123,0,0,0,-1,21
,req-92,2.2126,1,2.2126,1,2.2126,0.1,2.3126,0,0,0,-1,22
,req-87,2.2139,1,2.2139,1,2.2139,0.1,2.3139,0,0,0,-1,23
,req-99,2.2192,1,2.2192,1,2.2192,0.1,2.3192,0,0,0,-1,46
,req-99,2.2202,1,2.2202,1,2.2202,0.1,2.3202,0,0,0,-1,27
,req-96,2.2204,1,2.2204,1,2.2204,0.1,2.3204,0,0,0,-1,5
,req-89,2.2312,1,2.2312,1,2.2312,0.1,2.3312,0,0,0,-1,49
,req-89,2.2313,1,2.2313,1,2.2313,0.1,2.3313,0,0,0,-1,2
,req-98,2.2319,1,2.2319,1,2.2319,0.1,2.3319,0,0,0,-1,1
,req-85,2.2323,1,2.2323,1,2.2323,0.1,2.3323,0,0,0,-1,65
,req-86,2.2336,1,2.2336,1,2.2336,0.1,2.3336,0,0,0,-1,7
,req-96,2.2352,1,2.2352,1,2.2352,0.1,2.3352,0,0,0,-1,61
,req-71,2.2381,1,2.2381,1,2.2381,0.1,2.3381,0,0,0,-1,6
,req-71,2.2383,1,2.2383,1,2.2383,0.1,2.3383,0,0,0,-1,8
,req-67,2.2493,1,2.2493,1,2.2493,0.1,2.3493,0,0,0,-1,53
,req-85,2.2523,1,2.2523,1,2.2523,0.1,2.3523,0,0,0,-1,55
,req-72,2.259,1,2.259,1,2.259,0.1,2.359,0,0,0,-1,63
,req-97,2.2705,1,2.2705,1,2.2705,0.1,2.3705,0,0,0,-1,13
,req-82,2.2776,1,2.2776,1,2.2776,0.1,2.3776,0,0,0,-1,3
,req-83,2.2789,1,2.2789,1,2.2789,0.1,2.3789,0,0,0,-1,4
,req-99,2.2865,1,2.2865,1,2.2865,0.1,2.3865,0,0,0,-1,54
,req-77,2.2894,1,2.2894,1,2.2894,0.1,2.3894,0,0,0,-1,56
,req-95,2.2922,1,2.2922,1,2.2922,0.1,2.3922,0,0,0,-1,24
,req-79,2.2993,1,2.2993,1,2.2993,0.1,2.3993,0,0,0,-1,16
,req-74,2.3012,1,2.3012,1,2.3012,0.1,2.4012,0,0,0,-1,64
,req-92,2.3032,1,2.3032,1,2.3032,0.1,2.4032,0,0,0,-1,62
,req-83,2.3087,1,2.3087,1,2.3087,0.1,2.4087,0,0,0,-1,26
,req-86,2.3235,1,2.3235,1,2.3235,0.1,2.4235,0,0,0,-1,5
,req-78,2.3276,1,2.3276,1,2.3276,0.1,2.4276,0,0,0,-1,15
,req-93,2.3343,1,2.3343,1,2.3343,0.1,2.4343,0,0,0,-1,7
,req-93,2.3344,1,2.3344,1,2.3344,0.1,2.4344,0,0,0,-1,14
,req-96,2.3353,1,2.3353,1,2.3353,0.1,2.4353,0,0,0,-1,61
,req-84,2.3385,1,2.3385,1,2.3385,0.1,2.4385,0,0,0,-1,2
,req-92,2.3433,1,2.3433,1,2.3433,0.1,2.4433,0,0,0,-1,1
,req-68,2.3512,1,2.3512,1,2.3512,0.1,2.4512,0,0,0,-1,53
,req-90,2.3624,1,2.3624,1,2.3624,0.1,2.4624,0,0,0,-1,55
,req-85,2.3789,1,2.3789,1,2.3789,0.1,2.4789,0,0,0,-1,63
,req-88,2.3864,1,2.3864,1,2.3864,0.1,2.4864,0,0,0,-1,13
,req-95,2.3922,1,2.3922,1,2.3922,0.1,2.4922,0,0,0,-1,3
,req-86,2.3939,1,2.3939,1,2.3939,0.1,2.4939,0,0,0,-1,4
,req-93,2.3942,1,2.3942,1,2.3942,0.1,2.4942,0,0,0,-1,6
,req-83,2.3988,1,2.3988,1,2.3988,0.1,2.4988,0,0,0,-1,8
,req-87,2.424,1,2.424,1,2.424,0.1,2.524,0,0,0,-1,5
,req-81,2.4262,1,2.4262,1,2.4262,0.1,2.5262,0,0,0,-1,16
,req-94,2.4464,1,2.4464,1,2.4464,0.1,2.5464,0,0,0,-1,7
,req-90,2.4493,1,2.4493,1,2.4493,0.1,2.5493,0,0,0,-1,2
,req-96,2.4606,1,2.4606,1,2.4606,0.1,2.5606,0,0,0,-1,1
,req-89,2.4614,1,2.4614,1,2.4614,0.1,2.5614,0,0,0,-1,15
,req-97,2.4643,1,2.4643,1,2.4643,0.1,2.5643,0,0,0,-1,14
,req-77,2.4696,1,2.4696,1,2.4696,0.1,2.5696,0,0,0,-1,64
,req-98,2.4722,1,2.4722,1,2.4722,0.1,2.5722,0,0,0,-1,62
,req-98,2.4724,1,2.4724,1,2.4724,0.1,2.5724,0,0,0,-1,61
,req-91,2.4726,1,2.4726,1,2.4726,0.1,2.5726,0,0,0,-1,44
,req-98,2.4925,1,2.4925,1,2.4925,0.1,2.5925,0,0,0,-1,3
,req-78,2.4978,1,2.4978,1,2.4978,0.1,2.5978,0,0,0,-1,4
,req-89,2.5015,1,2.5015,1,2.5015,0.1,2.6015,0,0,0,-1,63
,req-75,2.5023,1,2.5023,1,2.5023,0.1,2.6023,0,0,0,-1,13
,req-99,2.5204,1,2.5204,1,2.5204,0.1,2.6204,0,0,0,-1,6
,req-80,2.5259,1,2.5259,1,2.5259,0.1,2.6259,0,0,0,-1,8
,req-99,2.5267,1,2.5267,1,2.5267,0.1,2.6267,0,0,0,-1,5
,req-87,2.5494,1,2.5494,1,2.5494,0.1,2.6494,0,0,0,-1,2
,req-95,2.5524,1,2.5524,1,2.5524,0.1,2.6524,0,0,0,-1,7
,req-84,2.5786,1,2.5786,1,2.5786,0.1,2.6786,0,0,0,-1,1
,req-97,2.6007,1,2.6007,1,2.6007,0.1,2.7007,0,0,0,-1,3
,req-74,2.6014,1,2.6014,1,2.6014,0.1,2.7014,0,0,0,-1,4
,req-86,2.6041,1,2.6041,1,2.6041,0.1,2.7041,0,0,0,-1,43
,req-92,2.6129,1,2.6129,1,2.6129,0.1,2.7129,0,0,0,-1,42
,req-71,2.6286,1,2.6286,1,2.6286,0.1,2.7286,0,0,0,-1,41
,req-93,2.6344,1,2.6344,1,2.6344,0.1,2.7344,0,0,0,-1,44
,req-89,2.6417,1,2.6417,1,2.6417,0.1,2.7417,0,0,0,-1,6
,req-94,2.6665,1,2.6665,1,2.6665,0.1,2.7665,0,0,0,-1,2
,req-91,2.6829,1,2.6829,1,2.6829,0.1,2.7829,0,0,0,-1,1
,req-90,2.6995,1,2.6995,1,2.6995,0.1,2.7995,0,0,0,-1,8
,req-85,2.7291,1,2.7291,1,2.7291,0.1,2.8291,0,0,0,-1,3
,req-98,2.7527,1,2.7527,1,2.7527,0.1,2.8527,0,0,0,-1,4
,req-87,2.7596,1,2.7596,1,2.7596,0.1,2.8596,0,0,0,-1,5
,req-83,2.7791,1,2.7791,1,2.7791,0.1,2.8791,0,0,0,-1,2
,req-97,2.8009,1,2.8009,1,2.8009,0.1,2.9009,0,0,0,-1,1
,req-92,2.8131,1,2.8131,1,2.8131,0.1,2.9131,0,0,0,-1,7
,req-96,2.8209,1,2.8209,1,2.8209,0.1,2.9209,0,0,0,-1,6
,req-99,2.8269,1,2.8269,1,2.8269,0.1,2.9269,0,0,0,-1,8
