id;start_time;finish_time;duration;host
req-1-255596094_0;0.0008;0.1008;0.1;bus_stop_0
req-1-255596018_0;0.0008;0.1008;0.1;bus_stop_0
req-1-255596112_0;0.0009;0.1009;0.1;bus_stop_0
req-2-2569086797_0;0.0012;0.1012;0.1;bus_stop_0
req-2-11383367761_0;0.0013;0.1013;0.1;bus_stop_1
req-4-11378562276_0;0.0027;0.1027;0.1;bus_stop_1
req-4-10915667347_0;0.0031;0.1031;0.1;bus_stop_1
req-6-10915667367_0;0.0043;0.1043;0.1;bus_stop_1
req-9-12146767_0;0.0059;0.1059;0.1;bus_stop_10
req-9-1371510128_0;0.0059;0.1059;0.1;bus_stop_10
req-9-12146760_0;0.0061;0.1061;0.1;bus_stop_10
req-9-1371510111_0;0.0061;0.1061;0.1;bus_stop_10
req-12-1480037114_0;0.0089;0.1089;0.1;bus_stop_11
req-13-1480037117_0;0.0101;0.1101;0.1;bus_stop_11
req-15-1480037117_0;0.0118;0.1118;0.1;bus_stop_11
req-16-255190814_0;0.0119;0.1119;0.1;bus_stop_11
req-17-255191060_0;0.0122;0.1122;0.1;bus_stop_12
req-17-2569087094_0;0.0123;0.1123;0.1;bus_stop_12
req-17-1451034444_0;0.0124;0.1124;0.1;bus_stop_12
req-22-255596162_0;0.0162;0.1162;0.1;bus_stop_12
req-1-255596028_0;0.0209;0.1209;0.1;bus_stop_13
req-1-255191075_0;0.0211;0.1211;0.1;bus_stop_13
req-1-2569086736_0;0.0212;0.1212;0.1;bus_stop_13
req-27-2569086736_0;0.0213;0.1213;0.1;bus_stop_13
req-2-11383382298_0;0.0215;0.1215;0.1;bus_stop_14
req-4-10915667342_0;0.0231;0.1231;0.1;bus_stop_14
req-34-255191472_0;0.0251;0.1251;0.1;bus_stop_14
req-34-255191437_0;0.0251;0.1251;0.1;bus_stop_14
req-8-12146777_0;0.0252;0.1252;0.1;bus_stop_15
req-8-1432574918_0;0.0254;0.1254;0.1;bus_stop_15
req-8-1371509882_0;0.0257;0.1257;0.1;bus_stop_15
req-8-1371510260_0;0.0258;0.1258;0.1;bus_stop_15
req-8-1371510304_0;0.0259;0.1259;0.1;bus_stop_16
req-9-1371510173_0;0.026;0.126;0.1;bus_stop_16
req-9-1371509865_0;0.0261;0.1261;0.1;bus_stop_16
req-16-1480037096_0;0.0319;0.1319;0.1;bus_stop_16
req-18-1371510173_0;0.0328;0.1328;0.1;bus_stop_2
req-18-1371509865_0;0.0331;0.1331;0.1;bus_stop_2
req-44-9983238121_0;0.0333;0.1333;0.1;bus_stop_2
req-18-1432574901_0;0.0335;0.1335;0.1;bus_stop_2
req-18-1432574919_0;0.0336;0.1336;0.1;bus_stop_3
req-18-1371509882_0;0.0337;0.1337;0.1;bus_stop_3
req-20-1371509865_0;0.0349;0.1349;0.1;bus_stop_3
req-20-1371510173_0;0.0352;0.1352;0.1;bus_stop_3
req-22-2569086797_0;0.0364;0.1364;0.1;bus_stop_4
req-22-255596109_0;0.0367;0.1367;0.1;bus_stop_4
req-22-255596112_0;0.0369;0.1369;0.1;bus_stop_4
req-22-2570830451_0;0.037;0.137;0.1;bus_stop_4
req-52-1371510515_0;0.039;0.139;0.1;bus_stop_5
req-52-1371509882_0;0.039;0.139;0.1;bus_stop_5
req-52-1371510304_0;0.0392;0.1392;0.1;bus_stop_5
req-52-1371510260_0;0.0392;0.1392;0.1;bus_stop_5
req-53-255595238_0;0.0394;0.1394;0.1;bus_stop_6
req-53-255595328_0;0.0394;0.1394;0.1;bus_stop_6
req-53-255190815_0;0.0395;0.1395;0.1;bus_stop_6
req-53-1480037106_0;0.0395;0.1395;0.1;bus_stop_6
req-27-255596112_0;0.0407;0.1407;0.1;bus_stop_7
req-27-255596094_0;0.0408;0.1408;0.1;bus_stop_7
req-27-255596018_0;0.0411;0.1411;0.1;bus_stop_7
req-58-1432574912_0;0.043;0.143;0.1;bus_stop_7
req-31-255190815_0;0.0434;0.1434;0.1;bus_stop_8
req-31-1480037098_0;0.0436;0.1436;0.1;bus_stop_8
req-31-255190828_0;0.044;0.144;0.1;bus_stop_8
req-60-2569108697_0;0.0444;0.1444;0.1;bus_stop_8
req-61-255596055_0;0.0452;0.1452;0.1;bus_stop_9
req-62-255596028_0;0.0457;0.1457;0.1;bus_stop_9
req-62-255191075_0;0.0457;0.1457;0.1;bus_stop_9
req-62-12146784_0;0.0458;0.1458;0.1;bus_stop_9
req-5-8255515226_0;0.1009;0.2009;0.1;bus_stop_0
req-3-8255515226_0;0.1009;0.2009;0.1;bus_stop_0
req-2-2570830459_0;0.1009;0.2009;0.1;bus_stop_0
req-6-255596017_0;0.1013;0.2013;0.1;bus_stop_0
req-8-1432574946_0;0.1013;0.2013;0.1;bus_stop_1
req-3-1432574869_0;0.1028;0.2028;0.1;bus_stop_1
req-3-1432574929_0;0.1032;0.2032;0.1;bus_stop_1
req-3-1432574984_0;0.1044;0.2044;0.1;bus_stop_1
req-5-1432574912_0;0.106;0.206;0.1;bus_stop_10
req-3-1432574912_0;0.106;0.206;0.1;bus_stop_10
req-5-1432574869_0;0.1062;0.2062;0.1;bus_stop_10
req-5-1432574929_0;0.1062;0.2062;0.1;bus_stop_10
req-5-1432574984_0;0.1089;0.2089;0.1;bus_stop_11
req-6-2569086944_0;0.1101;0.2101;0.1;bus_stop_11
req-7-1432574912_0;0.1119;0.2119;0.1;bus_stop_11
req-6-2923178604_0;0.1119;0.2119;0.1;bus_stop_11
req-7-1432574869_0;0.1123;0.2123;0.1;bus_stop_12
req-7-1432574929_0;0.1123;0.2123;0.1;bus_stop_12
req-7-1432574984_0;0.1125;0.2125;0.1;bus_stop_12
req-8-1432574941_0;0.1163;0.2163;0.1;bus_stop_12
req-0-255190984_0;0.121;0.221;0.1;bus_stop_13
req-0-1469068918_0;0.1212;0.2212;0.1;bus_stop_13
req-0-2569086820_0;0.1212;0.2212;0.1;bus_stop_13
req-0-9143229517_0;0.1214;0.2214;0.1;bus_stop_13
req-9-1432574919_0;0.1218;0.2218;0.1;bus_stop_14
req-4-2569086678_0;0.1231;0.2231;0.1;bus_stop_14
req-4-2569086780_0;0.1251;0.2251;0.1;bus_stop_14
req-4-255595787_0;0.1251;0.2251;0.1;bus_stop_14
req-4-255595784_0;0.1252;0.2252;0.1;bus_stop_15
req-4-255595844_0;0.1255;0.2255;0.1;bus_stop_15
req-6-255595921_0;0.1258;0.2258;0.1;bus_stop_15
req-6-12146782_0;0.1258;0.2258;0.1;bus_stop_15
req-6-1432574832_0;0.126;0.226;0.1;bus_stop_16
req-9-1432574901_0;0.1263;0.2263;0.1;bus_stop_16
req-9-1371509882_0;0.1265;0.2265;0.1;bus_stop_16
req-10-1371510260_0;0.1321;0.2321;0.1;bus_stop_16
req-10-1371509882_0;0.1329;0.2329;0.1;bus_stop_2
req-10-1371510304_0;0.1332;0.2332;0.1;bus_stop_2
req-10-1432574918_0;0.1334;0.2334;0.1;bus_stop_2
req-10-1371510515_0;0.1336;0.2336;0.1;bus_stop_2
req-10-9983238121_0;0.1336;0.2336;0.1;bus_stop_3
req-11-1469058565_0;0.1338;0.2338;0.1;bus_stop_3
req-11-12146784_0;0.135;0.235;0.1;bus_stop_3
req-11-255595844_0;0.1353;0.2353;0.1;bus_stop_3
req-11-255595921_0;0.1365;0.2365;0.1;bus_stop_4
req-11-10915667342_0;0.1368;0.2368;0.1;bus_stop_4
req-11-10915667367_0;0.137;0.237;0.1;bus_stop_4
req-11-255596808_0;0.137;0.237;0.1;bus_stop_4
req-11-1432574832_0;0.1391;0.2391;0.1;bus_stop_5
req-11-12146782_0;0.1391;0.2391;0.1;bus_stop_5
req-12-255191448_0;0.1393;0.2393;0.1;bus_stop_5
req-12-255191467_0;0.1393;0.2393;0.1;bus_stop_5
req-12-1451034432_0;0.1395;0.2395;0.1;bus_stop_6
req-12-255200029_0;0.1395;0.2395;0.1;bus_stop_6
req-12-255191472_0;0.1395;0.2395;0.1;bus_stop_6
req-12-255191437_0;0.1395;0.2395;0.1;bus_stop_6
req-12-255191048_0;0.1408;0.2408;0.1;bus_stop_7
req-0-2569086698_0;0.1408;0.2408;0.1;bus_stop_7
req-12-581942559_0;0.1412;0.2412;0.1;bus_stop_7
req-2-255596109_0;0.1431;0.2431;0.1;bus_stop_7
req-2-255596112_0;0.1435;0.2435;0.1;bus_stop_8
req-2-2570830451_0;0.1437;0.2437;0.1;bus_stop_8
req-2-255596094_0;0.1441;0.2441;0.1;bus_stop_8
req-12-255200263_0;0.1445;0.2445;0.1;bus_stop_8
req-13-581942052_0;0.1453;0.2453;0.1;bus_stop_9
req-13-255191448_0;0.1458;0.2458;0.1;bus_stop_9
req-13-1451034425_0;0.1458;0.2458;0.1;bus_stop_9
req-13-581942026_0;0.1458;0.2458;0.1;bus_stop_9
req-1-11383382298_0;0.201;0.301;0.1;bus_stop_0
req-1-11383367766_0;0.201;0.301;0.1;bus_stop_0
req-0-236868307_0;0.201;0.301;0.1;bus_stop_0
req-1-2569086797_1;0.2014;0.3014;0.1;bus_stop_0
req-4-1480037155_0;0.2016;0.3016;0.1;bus_stop_1
req-4-255596055_0;0.2029;0.3029;0.1;bus_stop_1
req-6-255596789_0;0.2034;0.3034;0.1;bus_stop_1
req-6-12146777_0;0.2046;0.3046;0.1;bus_stop_1
req-8-10915667490_0;0.2062;0.3062;0.1;bus_stop_10
req-8-8255515229_0;0.2062;0.3062;0.1;bus_stop_10
req-7-8255515226_0;0.2062;0.3062;0.1;bus_stop_10
req-6-12146784_0;0.2062;0.3062;0.1;bus_stop_10
req-9-1371509982_0;0.2095;0.3095;0.1;bus_stop_11
req-10-1371510111_0;0.2103;0.3103;0.1;bus_stop_11
req-10-1371509982_0;0.2121;0.3121;0.1;bus_stop_11
req-10-12146756_0;0.2121;0.3121;0.1;bus_stop_11
req-13-255191459_0;0.2125;0.3125;0.1;bus_stop_12
req-10-1371510009_0;0.2125;0.3125;0.1;bus_stop_12
req-10-12146760_0;0.2125;0.3125;0.1;bus_stop_12
req-13-1451034444_0;0.2165;0.3165;0.1;bus_stop_12
req-13-10915667312_0;0.2211;0.3211;0.1;bus_stop_13
req-14-2569086736_0;0.2214;0.3214;0.1;bus_stop_13
req-14-255191075_0;0.2214;0.3214;0.1;bus_stop_13
req-14-255596028_0;0.2214;0.3214;0.1;bus_stop_13
req-14-2569086780_0;0.2219;0.3219;0.1;bus_stop_14
req-14-12146784_0;0.2232;0.3232;0.1;bus_stop_14
req-14-10915667342_0;0.2254;0.3254;0.1;bus_stop_15
req-14-255595665_0;0.2254;0.3254;0.1;bus_stop_14
req-14-255595599_0;0.2254;0.3254;0.1;bus_stop_14
req-14-255595828_0;0.2257;0.3257;0.1;bus_stop_15
req-15-581942052_0;0.2259;0.3259;0.1;bus_stop_15
req-14-11378562273_0;0.2259;0.3259;0.1;bus_stop_15
req-15-581942026_0;0.2262;0.3262;0.1;bus_stop_16
req-15-255191448_0;0.2265;0.3265;0.1;bus_stop_16
req-15-1451034425_0;0.2265;0.3265;0.1;bus_stop_16
req-15-255191459_0;0.2323;0.3323;0.1;bus_stop_16
req-15-1451034444_0;0.233;0.333;0.1;bus_stop_2
req-15-10915667312_0;0.2333;0.3333;0.1;bus_stop_2
req-16-2923311197_0;0.2336;0.3336;0.1;bus_stop_3
req-16-255190788_0;0.2336;0.3336;0.1;bus_stop_2
req-16-10915667292_0;0.2336;0.3336;0.1;bus_stop_2
req-17-255190984_0;0.2344;0.3344;0.1;bus_stop_3
req-17-255200263_0;0.2351;0.3351;0.1;bus_stop_3
req-17-2569086820_0;0.2355;0.3355;0.1;bus_stop_3
req-17-581942559_0;0.2368;0.3368;0.1;bus_stop_4
req-17-4414627711_0;0.2368;0.3368;0.1;bus_stop_4
req-18-1371510128_0;0.2373;0.3373;0.1;bus_stop_4
req-18-12146767_0;0.2373;0.3373;0.1;bus_stop_4
req-18-1371509982_0;0.2393;0.3393;0.1;bus_stop_5
req-18-12146760_0;0.2393;0.3393;0.1;bus_stop_5
req-18-1371510111_0;0.2393;0.3393;0.1;bus_stop_5
req-19-255595834_0;0.2399;0.3399;0.1;bus_stop_5
req-19-10915667367_0;0.2399;0.3399;0.1;bus_stop_6
req-19-2569086944_0;0.2399;0.3399;0.1;bus_stop_6
req-19-10915667347_0;0.2399;0.3399;0.1;bus_stop_6
req-19-12146782_0;0.2399;0.3399;0.1;bus_stop_6
req-19-255595921_0;0.241;0.341;0.1;bus_stop_7
req-19-255596808_0;0.241;0.341;0.1;bus_stop_7
req-19-1432574832_0;0.2414;0.3414;0.1;bus_stop_7
req-20-12146760_0;0.2434;0.3434;0.1;bus_stop_7
req-20-1371509982_0;0.2437;0.3437;0.1;bus_stop_8
req-20-12146767_0;0.2437;0.3437;0.1;bus_stop_8
req-20-1371510111_0;0.2444;0.3444;0.1;bus_stop_8
req-20-1371510128_0;0.2447;0.3447;0.1;bus_stop_8
req-4-255595599_1;0.2454;0.3454;0.1;bus_stop_9
req-21-255190814_0;0.2464;0.3464;0.1;bus_stop_9
req-21-1480037098_0;0.2464;0.3464;0.1;bus_stop_9
req-21-255190828_0;0.2464;0.3464;0.1;bus_stop_9
req-2-255596112_1;0.3015;0.4015;0.1;bus_stop_0
req-2-255596094_1;0.3015;0.4015;0.1;bus_stop_0
req-4-255595828_1;0.3018;0.4018;0.1;bus_stop_1
req-7-1432574912_1;0.3023;0.4023;0.1;bus_stop_0
req-7-1432574863_1;0.3023;0.4023;0.1;bus_stop_0
req-8-1432574919_1;0.3031;0.4031;0.1;bus_stop_1
req-3-1432574863_1;0.3035;0.4035;0.1;bus_stop_1
req-2-255596109_1;0.3047;0.4047;0.1;bus_stop_1
req-3-1432574912_1;0.3063;0.4063;0.1;bus_stop_10
req-10-1371510128_1;0.3071;0.4071;0.1;bus_stop_10
req-10-12146767_1;0.3072;0.4072;0.1;bus_stop_10
req-11-2569086944_1;0.3074;0.4074;0.1;bus_stop_10
req-13-1480037114_1;0.3102;0.4102;0.1;bus_stop_11
req-21-1480037096_0;0.3107;0.4107;0.1;bus_stop_11
req-21-1480037117_0;0.3123;0.4123;0.1;bus_stop_11
req-21-255191448_0;0.3123;0.4123;0.1;bus_stop_11
req-22-255596027_0;0.3128;0.4128;0.1;bus_stop_12
req-21-1480037132_0;0.3128;0.4128;0.1;bus_stop_12
req-21-12146794_0;0.3128;0.4128;0.1;bus_stop_12
req-22-11383367761_0;0.3166;0.4166;0.1;bus_stop_12
req-0-581942559_1;0.3214;0.4214;0.1;bus_stop_13
req-22-255596055_0;0.3216;0.4216;0.1;bus_stop_13
req-22-2570830459_0;0.3216;0.4216;0.1;bus_stop_13
req-22-11383367766_0;0.3216;0.4216;0.1;bus_stop_13
req-22-11383382298_0;0.3221;0.4221;0.1;bus_stop_14
req-6-255595921_1;0.3233;0.4233;0.1;bus_stop_14
req-9-1371509882_1;0.3255;0.4255;0.1;bus_stop_14
req-6-1432574832_1;0.3255;0.4255;0.1;bus_stop_15
req-23-1371509882_0;0.3257;0.4257;0.1;bus_stop_15
req-23-1432574918_0;0.3257;0.4257;0.1;bus_stop_14
req-4-255595665_1;0.326;0.426;0.1;bus_stop_15
req-23-1371510260_0;0.3262;0.4262;0.1;bus_stop_15
req-23-1371510304_0;0.3262;0.4262;0.1;bus_stop_16
req-9-1371510304_1;0.3266;0.4266;0.1;bus_stop_16
req-9-1371510260_1;0.3266;0.4266;0.1;bus_stop_16
req-8-1371509865_1;0.3325;0.4325;0.1;bus_stop_16
req-9-1432574918_1;0.3332;0.4332;0.1;bus_stop_2
req-10-1371509865_1;0.3334;0.4334;0.1;bus_stop_2
req-10-1371510173_1;0.3337;0.4337;0.1;bus_stop_3
req-23-1371510111_0;0.3346;0.4346;0.1;bus_stop_2
req-23-9983238121_0;0.3346;0.4346;0.1;bus_stop_2
req-23-1371510515_0;0.3346;0.4346;0.1;bus_stop_3
req-23-12146756_0;0.3353;0.4353;0.1;bus_stop_3
req-23-1371509982_0;0.3358;0.4358;0.1;bus_stop_3
req-23-1371510009_0;0.3371;0.4371;0.1;bus_stop_4
req-23-12146760_0;0.3371;0.4371;0.1;bus_stop_4
req-24-255190812_0;0.3375;0.4375;0.1;bus_stop_4
req-24-255190788_0;0.3375;0.4375;0.1;bus_stop_4
req-24-1480037098_0;0.3397;0.4397;0.1;bus_stop_5
req-24-255190828_0;0.3397;0.4397;0.1;bus_stop_5
req-24-2569108697_0;0.3397;0.4397;0.1;bus_stop_5
req-18-1432574918_1;0.34;0.44;0.1;bus_stop_5
req-25-255191459_0;0.3402;0.4402;0.1;bus_stop_6
req-24-1480037112_0;0.3402;0.4402;0.1;bus_stop_6
req-24-255190815_0;0.3402;0.4402;0.1;bus_stop_6
req-24-255190832_0;0.3402;0.4402;0.1;bus_stop_6
req-25-1451034425_0;0.3412;0.4412;0.1;bus_stop_7
req-25-255191448_0;0.3412;0.4412;0.1;bus_stop_7
req-19-2923178604_1;0.3418;0.4418;0.1;bus_stop_7
req-5-1432574984_1;0.3435;0.4435;0.1;bus_stop_7
req-5-1432574912_1;0.3438;0.4438;0.1;bus_stop_8
req-5-1432574863_1;0.3438;0.4438;0.1;bus_stop_8
req-25-10915667312_0;0.3449;0.4449;0.1;bus_stop_8
req-25-1451034444_0;0.3449;0.4449;0.1;bus_stop_8
req-25-1480037117_0;0.3455;0.4455;0.1;bus_stop_9
req-25-12146794_0;0.3469;0.4469;0.1;bus_stop_9
req-25-12146792_0;0.3469;0.4469;0.1;bus_stop_9
req-25-1480037106_0;0.3469;0.4469;0.1;bus_stop_9
req-1-255596055_1;0.4016;0.5016;0.1;bus_stop_0
req-1-2570830459_1;0.4016;0.5016;0.1;bus_stop_0
req-2-2570830459_1;0.4019;0.5019;0.1;bus_stop_1
req-4-11378562273_1;0.4024;0.5024;0.1;bus_stop_0
req-9-1371510515_1;0.4027;0.5027;0.1;bus_stop_0
req-12-10915667312_1;0.4036;0.5036;0.1;bus_stop_1
req-11-12146782_1;0.4036;0.5036;0.1;bus_stop_1
req-12-255191448_1;0.4048;0.5048;0.1;bus_stop_1
req-3-1432574984_1;0.4064;0.5064;0.1;bus_stop_10
req-6-10915667367_1;0.4073;0.5073;0.1;bus_stop_10
req-12-255200263_1;0.4074;0.5074;0.1;bus_stop_10
req-12-255190984_1;0.4074;0.5074;0.1;bus_stop_10
req-11-10915667367_1;0.4103;0.5103;0.1;bus_stop_11
req-12-1451034444_1;0.4108;0.5108;0.1;bus_stop_11
req-13-1451034453_1;0.4124;0.5124;0.1;bus_stop_11
req-13-581942058_1;0.4124;0.5124;0.1;bus_stop_11
req-14-255596055_1;0.4129;0.5129;0.1;bus_stop_12
req-13-255191472_1;0.4129;0.5129;0.1;bus_stop_12
req-13-255191437_1;0.4129;0.5129;0.1;bus_stop_12
req-11-255595834_1;0.4167;0.5167;0.1;bus_stop_12
req-0-2569086820_1;0.4215;0.5215;0.1;bus_stop_13
req-14-2569086780_1;0.4218;0.5218;0.1;bus_stop_13
req-16-2569108697_1;0.4223;0.5223;0.1;bus_stop_14
req-16-255190812_1;0.4223;0.5223;0.1;bus_stop_13
req-6-12146782_1;0.4225;0.5225;0.1;bus_stop_13
req-17-581942559_1;0.4234;0.5234;0.1;bus_stop_14
req-17-9143229517_1;0.4258;0.5258;0.1;bus_stop_15
req-17-1469068918_1;0.4258;0.5258;0.1;bus_stop_14
req-17-2569086698_1;0.4258;0.5258;0.1;bus_stop_14
req-18-1371510260_1;0.4259;0.5259;0.1;bus_stop_15
req-18-1371510304_1;0.4262;0.5262;0.1;bus_stop_15
req-19-255595921_1;0.4265;0.5265;0.1;bus_stop_15
req-19-255596017_1;0.4267;0.5267;0.1;bus_stop_16
req-14-255595787_1;0.4267;0.5267;0.1;bus_stop_16
req-21-1480037096_1;0.427;0.527;0.1;bus_stop_16
req-26-255190984_0;0.4337;0.5337;0.1;bus_stop_3
req-26-255200263_0;0.4337;0.5337;0.1;bus_stop_2
req-26-2569087094_0;0.4337;0.5337;0.1;bus_stop_2
req-26-255191060_0;0.4337;0.5337;0.1;bus_stop_16
req-26-4414627711_0;0.4352;0.5352;0.1;bus_stop_2
req-26-2569086820_0;0.4352;0.5352;0.1;bus_stop_2
req-26-1451034444_0;0.4352;0.5352;0.1;bus_stop_3
req-26-581942559_0;0.4354;0.5354;0.1;bus_stop_3
req-27-11383382298_0;0.436;0.536;0.1;bus_stop_3
req-27-11383367766_0;0.4373;0.5373;0.1;bus_stop_4
req-27-255596028_0;0.4373;0.5373;0.1;bus_stop_4
req-28-236868307_0;0.4376;0.5376;0.1;bus_stop_4
req-27-255191075_0;0.4376;0.5376;0.1;bus_stop_4
req-28-581942879_0;0.4401;0.5401;0.1;bus_stop_5
req-28-255200417_0;0.4401;0.5401;0.1;bus_stop_5
req-28-1469068934_0;0.4401;0.5401;0.1;bus_stop_5
req-28-236864890_0;0.4401;0.5401;0.1;bus_stop_5
req-29-1432574941_0;0.4404;0.5404;0.1;bus_stop_6
req-29-1432574918_0;0.4404;0.5404;0.1;bus_stop_6
req-29-10915667490_0;0.4404;0.5404;0.1;bus_stop_6
req-24-1480037098_1;0.4404;0.5404;0.1;bus_stop_6
req-0-4414627711_1;0.4413;0.5413;0.1;bus_stop_7
req-1-11383367761_1;0.4414;0.5414;0.1;bus_stop_7
req-29-1371509882_0;0.4419;0.5419;0.1;bus_stop_7
req-7-1432574984_1;0.4436;0.5436;0.1;bus_stop_7
req-29-1371510260_0;0.444;0.544;0.1;bus_stop_8
req-8-1432574901_1;0.444;0.544;0.1;bus_stop_8
req-30-11383382298_0;0.4451;0.5451;0.1;bus_stop_8
req-29-1371510304_0;0.4451;0.5451;0.1;bus_stop_8
req-30-255596094_0;0.4457;0.5457;0.1;bus_stop_9
req-19-10915667367_1;0.447;0.547;0.1;bus_stop_9
req-30-255596028_0;0.4472;0.5472;0.1;bus_stop_9
req-30-255596112_0;0.4472;0.5472;0.1;bus_stop_9
req-4-255191075_1;0.5018;0.6018;0.1;bus_stop_0
req-2-11383382298_1;0.5018;0.6018;0.1;bus_stop_0
req-6-255596808_1;0.5022;0.6022;0.1;bus_stop_1
req-9-9983238121_1;0.5026;0.6026;0.1;bus_stop_0
req-9-1371510111_1;0.5028;0.6028;0.1;bus_stop_0
req-15-1451034453_1;0.5038;0.6038;0.1;bus_stop_1
req-15-581942058_1;0.5038;0.6038;0.1;bus_stop_1
req-15-255191437_1;0.5049;0.6049;0.1;bus_stop_1
req-14-10915667347_1;0.5066;0.6066;0.1;bus_stop_10
req-15-255191472_1;0.5074;0.6074;0.1;bus_stop_10
req-14-11378562276_1;0.5074;0.6074;0.1;bus_stop_10
req-11-10915667347_1;0.5074;0.6074;0.1;bus_stop_10
req-15-1480037114_1;0.5105;0.6105;0.1;bus_stop_11
req-16-255190788_1;0.5112;0.6112;0.1;bus_stop_11
req-17-255200029_1;0.5125;0.6125;0.1;bus_stop_11
req-17-255191048_1;0.5125;0.6125;0.1;bus_stop_11
req-20-9983238121_1;0.5134;0.6134;0.1;bus_stop_12
req-18-1371510111_1;0.5134;0.6134;0.1;bus_stop_12
req-18-9983238121_1;0.5134;0.6134;0.1;bus_stop_12
req-30-255596018_0;0.5182;0.6182;0.1;bus_stop_12
req-30-11383367766_0;0.5217;0.6217;0.1;bus_stop_13
req-1-255596028_2;0.5219;0.6219;0.1;bus_stop_13
req-14-10915667342_1;0.5224;0.6224;0.1;bus_stop_13
req-30-255191075_0;0.5224;0.6224;0.1;bus_stop_14
req-16-10915667297_1;0.5227;0.6227;0.1;bus_stop_13
req-30-2569086736_0;0.524;0.624;0.1;bus_stop_14
req-31-255190812_0;0.526;0.626;0.1;bus_stop_15
req-31-255190788_0;0.526;0.626;0.1;bus_stop_15
req-31-255190832_0;0.526;0.626;0.1;bus_stop_14
req-31-1480037112_0;0.526;0.626;0.1;bus_stop_14
req-31-2569108697_0;0.5263;0.6263;0.1;bus_stop_15
req-32-1432574984_0;0.5267;0.6267;0.1;bus_stop_16
req-32-1432574929_0;0.5267;0.6267;0.1;bus_stop_16
req-32-1432574869_0;0.5267;0.6267;0.1;bus_stop_15
req-25-12146794_1;0.5271;0.6271;0.1;bus_stop_16
req-32-8255515226_0;0.5339;0.6339;0.1;bus_stop_3
req-33-2569086820_0;0.5339;0.6339;0.1;bus_stop_2
req-33-255190984_0;0.5339;0.6339;0.1;bus_stop_2
req-32-1432574912_0;0.5339;0.6339;0.1;bus_stop_16
req-33-236868307_0;0.5358;0.6358;0.1;bus_stop_3
req-33-9143229517_0;0.5358;0.6358;0.1;bus_stop_3
req-33-2569086698_0;0.5358;0.6358;0.1;bus_stop_2
req-33-1469068918_0;0.5358;0.6358;0.1;bus_stop_2
req-34-1480037114_0;0.5362;0.6362;0.1;bus_stop_3
req-23-1371509865_1;0.5374;0.6374;0.1;bus_stop_4
req-22-255596112_1;0.5374;0.6374;0.1;bus_stop_4
req-34-1480037132_0;0.538;0.638;0.1;bus_stop_4
req-34-12146794_0;0.538;0.638;0.1;bus_stop_4
req-24-1480037096_1;0.5402;0.6402;0.1;bus_stop_5
req-35-255595921_0;0.5409;0.6409;0.1;bus_stop_6
req-35-12146782_0;0.5409;0.6409;0.1;bus_stop_6
req-35-2569086944_0;0.5409;0.6409;0.1;bus_stop_6
req-35-12146777_0;0.5409;0.6409;0.1;bus_stop_6
req-35-255596789_0;0.5409;0.6409;0.1;bus_stop_5
req-34-12146792_0;0.5409;0.6409;0.1;bus_stop_5
req-34-1480037106_0;0.5409;0.6409;0.1;bus_stop_5
req-35-12146784_0;0.5416;0.6416;0.1;bus_stop_7
req-35-1432574832_0;0.5416;0.6416;0.1;bus_stop_7
req-35-10915667367_0;0.542;0.642;0.1;bus_stop_7
req-35-255596017_0;0.5438;0.6438;0.1;bus_stop_7
req-36-2569086678_0;0.5443;0.6443;0.1;bus_stop_8
req-35-2923178604_0;0.5443;0.6443;0.1;bus_stop_8
req-36-255595787_0;0.5454;0.6454;0.1;bus_stop_8
req-36-1480037155_0;0.5454;0.6454;0.1;bus_stop_8
req-36-2569086780_0;0.5458;0.6458;0.1;bus_stop_9
req-19-2569086944_1;0.5472;0.6472;0.1;bus_stop_9
req-25-1480037132_1;0.5473;0.6473;0.1;bus_stop_9
req-36-11378562276_0;0.5475;0.6475;0.1;bus_stop_9
req-1-255596094_2;0.6019;0.7019;0.1;bus_stop_0
req-2-2570830451_2;0.602;0.702;0.1;bus_stop_0
req-5-1432574929_2;0.6025;0.7025;0.1;bus_stop_1
req-10-1371510111_1;0.6034;0.7034;0.1;bus_stop_0
req-10-12146760_1;0.6035;0.7035;0.1;bus_stop_0
req-10-1371509982_1;0.6039;0.7039;0.1;bus_stop_1
req-18-1371510515_1;0.6041;0.7041;0.1;bus_stop_1
req-18-1371509882_1;0.6052;0.7052;0.1;bus_stop_1
req-19-12146784_1;0.6068;0.7068;0.1;bus_stop_10
req-8-10915667416_1;0.6075;0.7075;0.1;bus_stop_10
req-21-1480037117_1;0.6077;0.7077;0.1;bus_stop_10
req-21-2569108697_1;0.6077;0.7077;0.1;bus_stop_10
req-22-11383367766_1;0.6107;0.7107;0.1;bus_stop_11
req-12-1451034432_2;0.6113;0.7113;0.1;bus_stop_11
req-22-255596094_1;0.6128;0.7128;0.1;bus_stop_11
req-22-255596018_1;0.6128;0.7128;0.1;bus_stop_11
req-23-12146767_1;0.6135;0.7135;0.1;bus_stop_12
req-22-255596028_1;0.6135;0.7135;0.1;bus_stop_12
req-13-255191459_2;0.6135;0.7135;0.1;bus_stop_12
req-21-1480037114_1;0.6184;0.7184;0.1;bus_stop_12
req-0-9143229517_2;0.6218;0.7218;0.1;bus_stop_13
req-0-1469068918_2;0.622;0.722;0.1;bus_stop_13
req-4-255595787_2;0.6225;0.7225;0.1;bus_stop_13
req-23-1371510111_1;0.6226;0.7226;0.1;bus_stop_14
req-23-12146760_1;0.6229;0.7229;0.1;bus_stop_13
req-11-255595921_2;0.6241;0.7241;0.1;bus_stop_14
req-25-255191437_1;0.6261;0.7261;0.1;bus_stop_15
req-24-255190828_1;0.6261;0.7261;0.1;bus_stop_15
req-24-255190814_1;0.6261;0.7261;0.1;bus_stop_14
req-23-1371509982_1;0.6261;0.7261;0.1;bus_stop_14
req-25-255191472_1;0.6264;0.7264;0.1;bus_stop_15
req-25-1480037114_1;0.6268;0.7268;0.1;bus_stop_15
req-20-1371509882_1;0.6269;0.7269;0.1;bus_stop_16
req-20-1371510515_1;0.627;0.727;0.1;bus_stop_16
req-26-2569086698_1;0.6273;0.7273;0.1;bus_stop_16
req-26-1469068918_1;0.6341;0.7341;0.1;bus_stop_16
req-28-1469068934_1;0.6346;0.7346;0.1;bus_stop_3
req-30-2569086797_1;0.635;0.735;0.1;bus_stop_2
req-23-1371510173_1;0.635;0.735;0.1;bus_stop_2
req-36-10915667347_0;0.6372;0.7372;0.1;bus_stop_3
req-36-10915667342_0;0.6372;0.7372;0.1;bus_stop_3
req-36-255596055_0;0.6372;0.7372;0.1;bus_stop_3
req-36-255595844_0;0.6372;0.7372;0.1;bus_stop_2
req-36-255595784_0;0.6372;0.7372;0.1;bus_stop_2
req-37-1371509982_0;0.6376;0.7376;0.1;bus_stop_4
req-37-12146756_0;0.6376;0.7376;0.1;bus_stop_4
req-37-1371509882_0;0.6382;0.7382;0.1;bus_stop_4
req-37-9983238121_0;0.6382;0.7382;0.1;bus_stop_4
req-8-1432574918_2;0.6403;0.7403;0.1;bus_stop_5
req-37-1371510111_0;0.6413;0.7413;0.1;bus_stop_6
req-37-1432574918_0;0.6413;0.7413;0.1;bus_stop_6
req-37-1371510304_0;0.6413;0.7413;0.1;bus_stop_6
req-37-1371510260_0;0.6413;0.7413;0.1;bus_stop_6
req-37-1371510009_0;0.6413;0.7413;0.1;bus_stop_5
req-37-12146760_0;0.6413;0.7413;0.1;bus_stop_5
req-37-1371510515_0;0.6413;0.7413;0.1;bus_stop_5
req-38-2569086780_0;0.6419;0.7419;0.1;bus_stop_7
req-38-255595787_0;0.6419;0.7419;0.1;bus_stop_7
req-38-11378562276_0;0.6422;0.7422;0.1;bus_stop_7
req-7-1432574929_2;0.6439;0.7439;0.1;bus_stop_7
req-38-10915667342_0;0.6448;0.7448;0.1;bus_stop_8
req-38-255596055_0;0.6448;0.7448;0.1;bus_stop_8
req-10-1371510515_2;0.6455;0.7455;0.1;bus_stop_8
req-36-255595828_1;0.6456;0.7456;0.1;bus_stop_8
req-38-10915667347_0;0.6459;0.7459;0.1;bus_stop_9
req-38-2569086736_0;0.6475;0.7475;0.1;bus_stop_9
req-38-255596028_0;0.6475;0.7475;0.1;bus_stop_9
req-38-255191075_0;0.6475;0.7475;0.1;bus_stop_9
req-2-255596112_2;0.7021;0.8021;0.1;bus_stop_0
req-2-2570830459_2;0.7021;0.8021;0.1;bus_stop_0
req-4-11378562276_2;0.7026;0.8026;0.1;bus_stop_1
req-9-1371509865_2;0.7038;0.8038;0.1;bus_stop_0
req-8-10915667490_2;0.7038;0.8038;0.1;bus_stop_0
req-13-1451034425_2;0.7042;0.8042;0.1;bus_stop_1
req-12-255191472_2;0.7042;0.8042;0.1;bus_stop_1
req-13-255191448_2;0.7053;0.8053;0.1;bus_stop_1
req-3-1432574929_2;0.7069;0.8069;0.1;bus_stop_10
req-15-255191459_2;0.7079;0.8079;0.1;bus_stop_10
req-15-1451034425_2;0.7079;0.8079;0.1;bus_stop_10
req-16-255190814_2;0.708;0.808;0.1;bus_stop_10
req-17-2569086820_2;0.7109;0.8109;0.1;bus_stop_11
req-19-255595921_2;0.7118;0.8118;0.1;bus_stop_11
req-22-11383382298_1;0.7131;0.8131;0.1;bus_stop_11
req-23-1371510128_1;0.7132;0.8132;0.1;bus_stop_11
req-26-581942559_1;0.7137;0.8137;0.1;bus_stop_12
req-26-255200029_1;0.7137;0.8137;0.1;bus_stop_12
req-26-255191048_1;0.7137;0.8137;0.1;bus_stop_12
req-17-255190984_2;0.7186;0.8186;0.1;bus_stop_12
req-19-1432574832_2;0.7219;0.8219;0.1;bus_stop_13
req-26-9143229517_1;0.7223;0.8223;0.1;bus_stop_13
req-27-11383367761_1;0.7226;0.8226;0.1;bus_stop_14
req-27-2570830459_1;0.7226;0.8226;0.1;bus_stop_13
req-30-2570830459_1;0.7231;0.8231;0.1;bus_stop_13
req-4-2569086780_2;0.7242;0.8242;0.1;bus_stop_14
req-12-255200029_2;0.7262;0.8262;0.1;bus_stop_14
req-31-1480037096_1;0.7274;0.8274;0.1;bus_stop_14
req-33-581942559_1;0.7277;0.8277;0.1;bus_stop_16
req-34-1480037117_1;0.728;0.828;0.1;bus_stop_16
req-39-1480037096_0;0.7287;0.8287;0.1;bus_stop_15
req-39-255190814_0;0.7287;0.8287;0.1;bus_stop_15
req-39-1480037098_0;0.7287;0.8287;0.1;bus_stop_15
req-39-255190828_0;0.7287;0.8287;0.1;bus_stop_15
req-38-12146784_0;0.7287;0.8287;0.1;bus_stop_16
req-39-255191448_0;0.7342;0.8342;0.1;bus_stop_16
req-39-1480037117_0;0.7347;0.8347;0.1;bus_stop_3
req-39-1480037132_0;0.7351;0.8351;0.1;bus_stop_2
req-39-12146794_0;0.7351;0.8351;0.1;bus_stop_2
req-41-8255515229_0;0.7376;0.8376;0.1;bus_stop_3
req-41-12146777_0;0.7376;0.8376;0.1;bus_stop_3
req-41-1432574946_0;0.7376;0.8376;0.1;bus_stop_3
req-40-12146792_0;0.7376;0.8376;0.1;bus_stop_2
req-40-3574495212_0;0.7376;0.8376;0.1;bus_stop_2
req-40-12146794_0;0.7376;0.8376;0.1;bus_stop_4
req-40-2569086678_0;0.7376;0.8376;0.1;bus_stop_4
req-41-1432574941_0;0.7384;0.8384;0.1;bus_stop_4
req-41-1432574918_0;0.7384;0.8384;0.1;bus_stop_4
req-28-236864888_1;0.7404;0.8404;0.1;bus_stop_5
req-34-12146794_1;0.7414;0.8414;0.1;bus_stop_6
req-28-581942874_1;0.7414;0.8414;0.1;bus_stop_5
req-28-255200517_1;0.7414;0.8414;0.1;bus_stop_5
req-28-255200372_1;0.7414;0.8414;0.1;bus_stop_5
req-41-1371509882_0;0.742;0.842;0.1;bus_stop_7
req-41-10915667490_0;0.742;0.842;0.1;bus_stop_7
req-42-1480037098_0;0.742;0.842;0.1;bus_stop_6
req-41-1371510304_0;0.742;0.842;0.1;bus_stop_6
req-41-1371510260_0;0.742;0.842;0.1;bus_stop_6
req-42-255190828_0;0.7424;0.8424;0.1;bus_stop_7
req-6-2569086944_2;0.744;0.844;0.1;bus_stop_7
req-6-10915667367_2;0.7449;0.8449;0.1;bus_stop_8
req-42-255190788_0;0.745;0.845;0.1;bus_stop_8
req-42-2569108697_0;0.7456;0.8456;0.1;bus_stop_8
req-42-255190812_0;0.7456;0.8456;0.1;bus_stop_8
req-42-10915667297_0;0.7461;0.8461;0.1;bus_stop_9
req-31-255190828_1;0.7478;0.8478;0.1;bus_stop_9
req-31-1480037098_1;0.7478;0.8478;0.1;bus_stop_9
req-33-4414627711_1;0.7479;0.8479;0.1;bus_stop_9
req-1-2569086797_3;0.8022;0.9022;0.1;bus_stop_0
req-8-1432574941_2;0.8025;0.9025;0.1;bus_stop_0
req-9-12146767_2;0.8027;0.9027;0.1;bus_stop_1
req-11-12146784_2;0.8039;0.9039;0.1;bus_stop_0
req-9-1371510111_2;0.8039;0.9039;0.1;bus_stop_0
req-14-255595599_2;0.8045;0.9045;0.1;bus_stop_1
req-14-255191075_2;0.8045;0.9045;0.1;bus_stop_1
req-16-10915667292_2;0.8055;0.9055;0.1;bus_stop_1
req-18-12146767_2;0.8071;0.9071;0.1;bus_stop_10
req-18-1371510111_2;0.8081;0.9081;0.1;bus_stop_10
req-20-1371510128_2;0.8082;0.9082;0.1;bus_stop_10
req-20-12146767_2;0.8082;0.9082;0.1;bus_stop_10
req-21-1480037112_2;0.8112;0.9112;0.1;bus_stop_11
req-27-2569086797_1;0.8123;0.9123;0.1;bus_stop_11
req-22-11383367761_2;0.8132;0.9132;0.1;bus_stop_11
req-29-1432574919_1;0.8134;0.9134;0.1;bus_stop_11
req-30-11383367761_1;0.8139;0.9139;0.1;bus_stop_12
req-29-1371509865_1;0.8139;0.9139;0.1;bus_stop_12
req-29-1432574901_1;0.8139;0.9139;0.1;bus_stop_12
req-25-1480037117_2;0.8188;0.9188;0.1;bus_stop_12
req-27-255596055_1;0.822;0.922;0.1;bus_stop_13
req-0-9143213716_3;0.8224;0.9224;0.1;bus_stop_13
req-33-2569086820_1;0.8228;0.9228;0.1;bus_stop_14
req-31-255190814_1;0.8228;0.9228;0.1;bus_stop_13
req-34-255191448_1;0.8232;0.9232;0.1;bus_stop_13
req-35-10915667367_1;0.8244;0.9244;0.1;bus_stop_14
req-36-11378562273_1;0.8264;0.9264;0.1;bus_stop_14
req-30-255596055_1;0.8275;0.9275;0.1;bus_stop_14
req-24-1480037096_2;0.8278;0.9278;0.1;bus_stop_16
req-18-1371509865_2;0.8281;0.9281;0.1;bus_stop_16
req-38-255595599_1;0.8297;0.9297;0.1;bus_stop_16
req-38-10915667342_1;0.8298;0.9298;0.1;bus_stop_15
req-43-1480037114_0;0.8302;0.9302;0.1;bus_stop_15
req-43-255191472_0;0.8302;0.9302;0.1;bus_stop_15
req-43-255191437_0;0.8302;0.9302;0.1;bus_stop_15
req-21-255190815_2;0.8343;0.9343;0.1;bus_stop_16
req-43-12146794_0;0.8349;0.9349;0.1;bus_stop_3
req-43-1480037106_0;0.8353;0.9353;0.1;bus_stop_2
req-43-1480037132_0;0.8353;0.9353;0.1;bus_stop_2
req-44-12146756_0;0.8381;0.9381;0.1;bus_stop_4
req-44-12146760_0;0.8381;0.9381;0.1;bus_stop_4
req-44-1371510515_0;0.8381;0.9381;0.1;bus_stop_3
req-44-1371509882_0;0.8381;0.9381;0.1;bus_stop_3
req-44-1371509982_0;0.8381;0.9381;0.1;bus_stop_3
req-44-1371510009_0;0.8381;0.9381;0.1;bus_stop_2
req-43-12146792_0;0.8381;0.9381;0.1;bus_stop_2
req-44-1371510304_0;0.8386;0.9386;0.1;bus_stop_4
req-44-1371510260_0;0.8386;0.9386;0.1;bus_stop_4
req-44-1432574918_0;0.8406;0.9406;0.1;bus_stop_5
req-44-1371510111_0;0.8416;0.9416;0.1;bus_stop_6
req-45-1469068918_0;0.8416;0.9416;0.1;bus_stop_5
req-45-2569086820_0;0.8416;0.9416;0.1;bus_stop_5
req-45-255190984_0;0.8416;0.9416;0.1;bus_stop_5
req-45-9143229517_0;0.8423;0.9423;0.1;bus_stop_7
req-45-2569086698_0;0.8423;0.9423;0.1;bus_stop_7
req-46-1371509982_0;0.8423;0.9423;0.1;bus_stop_6
req-46-12146756_0;0.8423;0.9423;0.1;bus_stop_6
req-45-236868307_0;0.8423;0.9423;0.1;bus_stop_6
req-5-1432574863_3;0.8425;0.9425;0.1;bus_stop_7
req-7-1432574863_3;0.8441;0.9441;0.1;bus_stop_7
req-46-1371509882_0;0.8453;0.9453;0.1;bus_stop_8
req-46-9983238121_0;0.8453;0.9453;0.1;bus_stop_8
req-46-12146760_0;0.8458;0.9458;0.1;bus_stop_8
req-46-1371510515_0;0.8458;0.9458;0.1;bus_stop_8
req-46-1371510009_0;0.8463;0.9463;0.1;bus_stop_9
req-25-255191448_2;0.8479;0.9479;0.1;bus_stop_9
req-32-1432574863_1;0.848;0.948;0.1;bus_stop_9
req-15-255191448_2;0.848;0.948;0.1;bus_stop_9
req-10-9983238121_2;0.9025;1.0025;0.1;bus_stop_0
req-22-2569086797_2;0.9029;1.0029;0.1;bus_stop_1
req-19-12146782_2;0.9029;1.0029;0.1;bus_stop_0
req-24-2569108697_2;0.9043;1.0043;0.1;bus_stop_0
req-23-9983238121_2;0.9043;1.0043;0.1;bus_stop_0
req-32-1432574984_1;0.9049;1.0049;0.1;bus_stop_1
req-32-1432574912_1;0.9049;1.0049;0.1;bus_stop_1
req-22-2570830459_2;0.9057;1.0057;0.1;bus_stop_1
req-3-1432574863_3;0.9072;1.0072;0.1;bus_stop_10
req-35-12146782_1;0.9083;1.0083;0.1;bus_stop_10
req-35-255596808_1;0.9083;1.0083;0.1;bus_stop_10
req-34-1480037132_1;0.9083;1.0083;0.1;bus_stop_10
req-35-255595921_1;0.9113;1.0113;0.1;bus_stop_11
req-35-1432574832_1;0.9125;1.0125;0.1;bus_stop_11
req-37-12146760_1;0.9133;1.0133;0.1;bus_stop_11
req-39-1480037096_1;0.9137;1.0137;0.1;bus_stop_11
req-40-255595238_1;0.9143;1.0143;0.1;bus_stop_12
req-42-255190814_1;0.9149;1.0149;0.1;bus_stop_12
req-46-1371510260_0;0.915;1.015;0.1;bus_stop_12
req-39-1480037117_1;0.9189;1.0189;0.1;bus_stop_12
req-46-1371510304_0;0.9222;1.0222;0.1;bus_stop_13
req-4-255595599_3;0.9225;1.0225;0.1;bus_stop_13
req-6-255595921_3;0.9229;1.0229;0.1;bus_stop_13
req-12-1451034444_3;0.923;1.023;0.1;bus_stop_14
req-46-1432574918_0;0.9236;1.0236;0.1;bus_stop_13
req-46-1371510111_0;0.9245;1.0245;0.1;bus_stop_14
req-26-2569086820_2;0.9265;1.0265;0.1;bus_stop_14
req-28-581942879_2;0.9276;1.0276;0.1;bus_stop_14
req-31-1480037096_2;0.928;1.028;0.1;bus_stop_16
req-47-12146792_0;0.9283;1.0283;0.1;bus_stop_16
req-47-1480037106_0;0.9298;1.0298;0.1;bus_stop_15
req-47-12146794_0;0.9298;1.0298;0.1;bus_stop_16
req-39-2569108697_1;0.9303;1.0303;0.1;bus_stop_15
req-47-255191459_0;0.9304;1.0304;0.1;bus_stop_15
req-47-255191448_0;0.9304;1.0304;0.1;bus_stop_15
req-20-1371510173_2;0.9344;1.0344;0.1;bus_stop_16
req-23-1371509882_2;0.9351;1.0351;0.1;bus_stop_3
req-41-1371509865_1;0.9354;1.0354;0.1;bus_stop_2
req-41-1432574901_1;0.9354;1.0354;0.1;bus_stop_2
req-41-1432574919_1;0.9386;1.0386;0.1;bus_stop_2
req-47-1480037117_0;0.939;1.039;0.1;bus_stop_3
req-47-10915667312_0;0.939;1.039;0.1;bus_stop_3
req-47-1451034444_0;0.939;1.039;0.1;bus_stop_3
req-48-12146794_0;0.939;1.039;0.1;bus_stop_4
req-48-1480037114_0;0.939;1.039;0.1;bus_stop_4
req-48-255191472_0;0.939;1.039;0.1;bus_stop_4
req-48-255191437_0;0.939;1.039;0.1;bus_stop_4
req-47-1451034425_0;0.939;1.039;0.1;bus_stop_2
req-48-1480037132_0;0.9409;1.0409;0.1;bus_stop_5
req-48-1480037106_0;0.9419;1.0419;0.1;bus_stop_6
req-49-4414627711_0;0.9419;1.0419;0.1;bus_stop_5
req-49-236864890_0;0.9419;1.0419;0.1;bus_stop_5
req-48-12146792_0;0.9419;1.0419;0.1;bus_stop_5
req-50-10915667347_0;0.9427;1.0427;0.1;bus_stop_7
req-50-10915667342_0;0.9427;1.0427;0.1;bus_stop_7
req-50-255596055_0;0.9427;1.0427;0.1;bus_stop_7
req-50-2570830459_0;0.9427;1.0427;0.1;bus_stop_6
req-50-2569086797_0;0.9427;1.0427;0.1;bus_stop_6
req-50-11383367761_0;0.9427;1.0427;0.1;bus_stop_6
req-23-1371510515_2;0.9443;1.0443;0.1;bus_stop_7
req-51-255595238_0;0.9455;1.0455;0.1;bus_stop_8
req-51-1480037106_0;0.9455;1.0455;0.1;bus_stop_8
req-51-1480037132_0;0.9462;1.0462;0.1;bus_stop_8
req-51-255595328_0;0.9462;1.0462;0.1;bus_stop_8
req-51-1480037155_0;0.9465;1.0465;0.1;bus_stop_9
req-52-9983238121_0;0.9482;1.0482;0.1;bus_stop_9
req-52-1371509982_0;0.9482;1.0482;0.1;bus_stop_9
req-52-12146756_0;0.9482;1.0482;0.1;bus_stop_9
req-2-11383382298_3;1.0026;1.1026;0.1;bus_stop_0
req-11-12146782_3;1.0031;1.1031;0.1;bus_stop_1
req-10-1371509882_2;1.0031;1.1031;0.1;bus_stop_0
req-13-255191437_3;1.0044;1.1044;0.1;bus_stop_0
req-27-255596094_2;1.0049;1.1049;0.1;bus_stop_1
req-26-255190984_2;1.0049;1.1049;0.1;bus_stop_0
req-38-255191075_1;1.006;1.106;0.1;bus_stop_1
req-36-255595665_1;1.006;1.106;0.1;bus_stop_1
req-40-255595328_1;1.0073;1.1073;0.1;bus_stop_10
req-43-255191448_1;1.0086;1.1086;0.1;bus_stop_10
req-42-1480037096_1;1.0086;1.1086;0.1;bus_stop_10
req-43-12146794_1;1.0087;1.1087;0.1;bus_stop_10
req-36-255595599_1;1.0114;1.1114;0.1;bus_stop_11
req-36-255191075_1;1.0127;1.1127;0.1;bus_stop_11
req-43-1480037132_1;1.0134;1.1134;0.1;bus_stop_11
req-38-255596055_1;1.0138;1.1138;0.1;bus_stop_11
req-38-10915667347_1;1.0144;1.1144;0.1;bus_stop_12
req-40-1480037132_1;1.015;1.115;0.1;bus_stop_12
req-39-1480037114_1;1.015;1.115;0.1;bus_stop_12
req-52-12146760_0;1.0201;1.1201;0.1;bus_stop_12
req-52-1371510009_0;1.0223;1.1223;0.1;bus_stop_13
req-52-1432574918_0;1.0226;1.1226;0.1;bus_stop_13
req-45-4414627711_1;1.023;1.123;0.1;bus_stop_14
req-17-581942559_3;1.023;1.123;0.1;bus_stop_13
req-52-1371510111_0;1.0238;1.1238;0.1;bus_stop_13
req-14-2569086780_3;1.0247;1.1247;0.1;bus_stop_14
req-33-9143229517_2;1.0266;1.1266;0.1;bus_stop_14
req-33-1469068918_2;1.0277;1.1277;0.1;bus_stop_14
req-53-1480037112_0;1.0283;1.1283;0.1;bus_stop_16
req-53-1480037132_0;1.0283;1.1283;0.1;bus_stop_16
req-37-1371510173_1;1.0299;1.1299;0.1;bus_stop_15
req-37-1371509865_1;1.0299;1.1299;0.1;bus_stop_16
req-54-255191459_0;1.0308;1.1308;0.1;bus_stop_15
req-54-255191448_0;1.0308;1.1308;0.1;bus_stop_15
req-54-1451034425_0;1.0308;1.1308;0.1;bus_stop_15
req-54-1451034444_0;1.0346;1.1346;0.1;bus_stop_16
req-42-10915667292_1;1.0352;1.1352;0.1;bus_stop_3
req-54-1480037117_0;1.0356;1.1356;0.1;bus_stop_2
req-54-10915667312_0;1.0356;1.1356;0.1;bus_stop_2
req-54-1480037106_0;1.0389;1.1389;0.1;bus_stop_2
req-55-9983238121_0;1.0395;1.1395;0.1;bus_stop_4
req-55-1371509982_0;1.0395;1.1395;0.1;bus_stop_4
req-55-12146756_0;1.0395;1.1395;0.1;bus_stop_4
req-55-9279408579_2;1.0395;1.1395;0.1;bus_stop_4
req-55-9279408578_0;1.0395;1.1395;0.1;bus_stop_3
req-55-9143229520_0;1.0395;1.1395;0.1;bus_stop_3
req-54-12146794_0;1.0395;1.1395;0.1;bus_stop_3
req-54-12146792_0;1.0395;1.1395;0.1;bus_stop_2
req-44-1371510173_1;1.041;1.141;0.1;bus_stop_5
req-48-12146794_1;1.0422;1.1422;0.1;bus_stop_6
req-56-255595328_0;1.0424;1.1424;0.1;bus_stop_5
req-56-255595238_0;1.0424;1.1424;0.1;bus_stop_5
req-55-9279408579_0;1.0424;1.1424;0.1;bus_stop_5
req-8-1432574901_3;1.043;1.143;0.1;bus_stop_6
req-9-1371509882_3;1.0431;1.1431;0.1;bus_stop_6
req-56-255595599_0;1.0432;1.1432;0.1;bus_stop_7
req-56-2569086678_0;1.0432;1.1432;0.1;bus_stop_7
req-56-1480037155_0;1.0432;1.1432;0.1;bus_stop_7
req-56-1480037132_0;1.0432;1.1432;0.1;bus_stop_6
req-56-11378562273_0;1.0447;1.1447;0.1;bus_stop_7
req-57-12146760_0;1.0457;1.1457;0.1;bus_stop_8
req-57-2447667809_0;1.0457;1.1457;0.1;bus_stop_8
req-46-1371510173_1;1.0463;1.1463;0.1;bus_stop_8
req-57-1371510009_0;1.0465;1.1465;0.1;bus_stop_9
req-57-9279408578_0;1.0465;1.1465;0.1;bus_stop_8
req-57-1371509982_0;1.0486;1.1486;0.1;bus_stop_9
req-57-12146767_0;1.0486;1.1486;0.1;bus_stop_9
req-57-9983238121_0;1.0486;1.1486;0.1;bus_stop_9
req-15-255191437_3;1.1027;1.2027;0.1;bus_stop_0
req-21-1480037106_3;1.1033;1.2033;0.1;bus_stop_0
req-25-1480037114_3;1.1035;1.2035;0.1;bus_stop_1
req-37-12146767_1;1.1051;1.2051;0.1;bus_stop_1
req-37-1371509982_1;1.1051;1.2051;0.1;bus_stop_0
req-37-1371510128_1;1.1051;1.2051;0.1;bus_stop_0
req-37-1371510111_1;1.1061;1.2061;0.1;bus_stop_1
req-34-1480037114_2;1.1061;1.2061;0.1;bus_stop_1
req-41-10915667416_1;1.1076;1.2076;0.1;bus_stop_10
req-41-10915667490_2;1.1087;1.2087;0.1;bus_stop_10
req-44-1371509982_1;1.1088;1.2088;0.1;bus_stop_10
req-42-255190812_2;1.1088;1.2088;0.1;bus_stop_10
req-44-12146760_1;1.1117;1.2117;0.1;bus_stop_11
req-44-12146767_1;1.1129;1.2129;0.1;bus_stop_11
req-44-1371510128_1;1.1136;1.2136;0.1;bus_stop_11
req-44-1371510111_1;1.1139;1.2139;0.1;bus_stop_11
req-46-12146760_1;1.1146;1.2146;0.1;bus_stop_12
req-46-1371510128_1;1.1153;1.2153;0.1;bus_stop_12
req-46-12146767_1;1.1153;1.2153;0.1;bus_stop_12
req-46-1371509982_1;1.1202;1.2202;0.1;bus_stop_12
req-47-12146794_1;1.1226;1.2226;0.1;bus_stop_13
req-50-255596094_1;1.1233;1.2233;0.1;bus_stop_14
req-50-2569086736_1;1.1234;1.2234;0.1;bus_stop_13
req-51-12146794_1;1.1235;1.2235;0.1;bus_stop_13
req-51-12146792_1;1.1239;1.2239;0.1;bus_stop_13
req-46-1371509865_1;1.1248;1.2248;0.1;bus_stop_14
req-16-255190788_3;1.1267;1.2267;0.1;bus_stop_14
req-31-2569108697_2;1.1278;1.2278;0.1;bus_stop_14
req-51-3574495212_1;1.1285;1.2285;0.1;bus_stop_16
req-52-12146760_1;1.1286;1.2286;0.1;bus_stop_16
req-58-1432574929_0;1.1311;1.2311;0.1;bus_stop_15
req-58-8255515226_0;1.1311;1.2311;0.1;bus_stop_15
req-57-1371510515_0;1.1311;1.2311;0.1;bus_stop_15
req-57-1371509882_0;1.1311;1.2311;0.1;bus_stop_15
req-57-12146756_0;1.1311;1.2311;0.1;bus_stop_16
req-58-1432574869_0;1.1349;1.2349;0.1;bus_stop_16
req-58-1432574984_0;1.1355;1.2355;0.1;bus_stop_3
req-59-1371509882_0;1.1359;1.2359;0.1;bus_stop_2
req-59-1371510260_0;1.1359;1.2359;0.1;bus_stop_2
req-59-1371510304_0;1.1391;1.2391;0.1;bus_stop_2
req-59-1371510009_0;1.1399;1.2399;0.1;bus_stop_4
req-59-12146760_0;1.1399;1.2399;0.1;bus_stop_4
req-59-1371509982_0;1.1399;1.2399;0.1;bus_stop_4
req-59-12146756_0;1.1399;1.2399;0.1;bus_stop_4
req-59-1432574918_0;1.1399;1.2399;0.1;bus_stop_2
req-59-1371510111_0;1.1399;1.2399;0.1;bus_stop_3
req-59-9983238121_0;1.1399;1.2399;0.1;bus_stop_3
req-59-1371510515_0;1.1399;1.2399;0.1;bus_stop_3
req-28-255200417_2;1.1411;1.2411;0.1;bus_stop_5
req-44-1371509865_1;1.1423;1.2423;0.1;bus_stop_6
req-60-10915667297_0;1.1427;1.2427;0.1;bus_stop_5
req-60-255190812_0;1.1427;1.2427;0.1;bus_stop_5
req-60-255190788_0;1.1427;1.2427;0.1;bus_stop_5
req-60-10915667292_0;1.1431;1.2431;0.1;bus_stop_6
req-60-255190814_0;1.1431;1.2431;0.1;bus_stop_6
req-61-10915667342_0;1.1437;1.2437;0.1;bus_stop_7
req-61-10915667347_0;1.1437;1.2437;0.1;bus_stop_7
req-60-2923311196_0;1.1437;1.2437;0.1;bus_stop_7
req-60-255190801_0;1.1437;1.2437;0.1;bus_stop_6
req-19-10915667367_3;1.1448;1.2448;0.1;bus_stop_7
req-32-1432574929_2;1.1459;1.2459;0.1;bus_stop_8
req-30-255596094_2;1.1459;1.2459;0.1;bus_stop_8
req-35-2569086944_2;1.1464;1.2464;0.1;bus_stop_8
req-61-2570830459_0;1.1468;1.2468;0.1;bus_stop_9
req-61-2569086797_0;1.1468;1.2468;0.1;bus_stop_8
req-43-1480037117_1;1.1487;1.2487;0.1;bus_stop_9
req-61-11383367761_0;1.149;1.249;0.1;bus_stop_9
req-62-2569086736_0;1.1491;1.2491;0.1;bus_stop_9
req-18-1371509882_3;1.2028;1.3028;0.1;bus_stop_0
req-23-12146767_3;1.2034;1.3034;0.1;bus_stop_0
req-24-255190815_3;1.2036;1.3036;0.1;bus_stop_1
req-27-255596028_2;1.2053;1.3053;0.1;bus_stop_1
req-30-255596028_2;1.2053;1.3053;0.1;bus_stop_0
req-29-1432574918_2;1.2053;1.3053;0.1;bus_stop_0
req-36-11378562276_2;1.2063;1.3063;0.1;bus_stop_1
req-34-1480037117_2;1.2063;1.3063;0.1;bus_stop_1
req-36-2569086780_2;1.2078;1.3078;0.1;bus_stop_10
req-41-1432574918_2;1.2093;1.3093;0.1;bus_stop_10
req-45-2569086820_1;1.2094;1.3094;0.1;bus_stop_10
req-45-581942559_1;1.2094;1.3094;0.1;bus_stop_10
req-45-1469068918_2;1.2118;1.3118;0.1;bus_stop_11
req-46-1371510111_1;1.2131;1.3131;0.1;bus_stop_11
req-47-1480037132_1;1.2138;1.3138;0.1;bus_stop_11
req-47-255191437_1;1.214;1.314;0.1;bus_stop_11
req-47-255191472_1;1.2147;1.3147;0.1;bus_stop_12
req-39-1480037112_2;1.2154;1.3154;0.1;bus_stop_12
req-47-1480037114_1;1.2155;1.3155;0.1;bus_stop_12
req-48-255191448_1;1.2205;1.3205;0.1;bus_stop_12
req-48-1480037117_1;1.2227;1.3227;0.1;bus_stop_13
req-48-1480037132_1;1.2234;1.3234;0.1;bus_stop_14
req-50-255596028_1;1.2234;1.3234;0.1;bus_stop_13
req-50-255191075_1;1.2236;1.3236;0.1;bus_stop_13
req-53-12146794_1;1.2246;1.3246;0.1;bus_stop_13
req-54-255191437_1;1.225;1.325;0.1;bus_stop_14
req-26-581942559_3;1.2268;1.3268;0.1;bus_stop_14
req-33-9143213716_3;1.228;1.328;0.1;bus_stop_14
req-39-255190815_2;1.2286;1.3286;0.1;bus_stop_16
req-54-12146794_1;1.2289;1.3289;0.1;bus_stop_16
req-42-2569108697_2;1.2312;1.3312;0.1;bus_stop_16
req-56-3574495212_1;1.2316;1.3316;0.1;bus_stop_15
req-57-1371510009_1;1.2323;1.3323;0.1;bus_stop_15
req-62-2569086780_0;1.2327;1.3327;0.1;bus_stop_15
req-61-2569086736_1;1.2327;1.3327;0.1;bus_stop_15
req-40-12146792_2;1.2354;1.3354;0.1;bus_stop_16
req-71-1371509882_0;1.2423;1.3423;0.1;bus_stop_5
req-49-236868307_1;1.2425;1.3425;0.1;bus_stop_6
req-71-1432574918_0;1.243;1.343;0.1;bus_stop_5
req-71-1371510304_0;1.243;1.343;0.1;bus_stop_5
req-22-255596094_3;1.2434;1.3434;0.1;bus_stop_5
req-53-1480037106_1;1.245;1.345;0.1;bus_stop_6
req-35-10915667367_2;1.245;1.345;0.1;bus_stop_6
req-20-1371510515_3;1.2459;1.3459;0.1;bus_stop_6
req-56-11378562273_1;1.252;1.352;0.1;bus_stop_2
req-56-11378562276_1;1.2521;1.3521;0.1;bus_stop_2
req-83-9983238121_0;1.2524;1.3524;0.1;bus_stop_2
req-62-10915667347_0;1.2553;1.3553;0.1;bus_stop_2
req-62-11378562276_0;1.2558;1.3558;0.1;bus_stop_3
req-89-1469068934_0;1.2567;1.3567;0.1;bus_stop_3
req-89-236864888_0;1.2567;1.3567;0.1;bus_stop_3
req-89-255200417_0;1.2567;1.3567;0.1;bus_stop_3
req-66-4414627711_0;1.2583;1.3583;0.1;bus_stop_4
req-67-11378562276_0;1.2589;1.3589;0.1;bus_stop_4
req-67-10915667347_0;1.2592;1.3592;0.1;bus_stop_4
req-95-581942025_0;1.2601;1.3601;0.1;bus_stop_4
req-38-2569086780_2;1.2604;1.3604;0.1;bus_stop_7
req-71-12146756_0;1.2621;1.3621;0.1;bus_stop_7
req-71-1371509982_0;1.2622;1.3622;0.1;bus_stop_7
req-71-1371510111_0;1.2631;1.3631;0.1;bus_stop_7
req-99-2923311196_0;1.2634;1.3634;0.1;bus_stop_8
req-51-255595238_2;1.2642;1.3642;0.1;bus_stop_8
req-53-12146792_1;1.2646;1.3646;0.1;bus_stop_8
req-32-1432574863_3;1.2661;1.3661;0.1;bus_stop_8
req-57-12146756_1;1.2668;1.3668;0.1;bus_stop_9
req-78-1432574946_0;1.2678;1.3678;0.1;bus_stop_9
req-78-1432574941_0;1.2681;1.3681;0.1;bus_stop_9
req-51-2569086678_1;1.2686;1.3686;0.1;bus_stop_9
req-38-255191075_2;1.303;1.403;0.1;bus_stop_0
req-41-1432574941_2;1.3035;1.4035;0.1;bus_stop_0
req-51-1480037132_2;1.304;1.404;0.1;bus_stop_1
req-52-1371510173_1;1.3057;1.4057;0.1;bus_stop_1
req-52-1371509865_1;1.3057;1.4057;0.1;bus_stop_0
req-52-1371509982_1;1.3057;1.4057;0.1;bus_stop_0
req-55-9279408578_1;1.3065;1.4065;0.1;bus_stop_1
req-52-1371510111_1;1.3065;1.4065;0.1;bus_stop_1
req-56-12146792_1;1.3079;1.4079;0.1;bus_stop_10
req-57-12146760_1;1.3097;1.4097;0.1;bus_stop_10
req-57-9983238121_1;1.3097;1.4097;0.1;bus_stop_10
req-54-255191472_1;1.3097;1.4097;0.1;bus_stop_10
req-52-12146767_1;1.3119;1.4119;0.1;bus_stop_11
req-52-1371510128_1;1.3133;1.4133;0.1;bus_stop_11
req-54-1480037132_1;1.314;1.414;0.1;bus_stop_11
req-58-1432574863_1;1.3142;1.4142;0.1;bus_stop_11
req-64-10915667292_0;1.3161;1.4161;0.1;bus_stop_12
req-64-10915667297_0;1.3161;1.4161;0.1;bus_stop_12
req-62-10915667342_0;1.3161;1.4161;0.1;bus_stop_12
req-65-581942025_0;1.3208;1.4208;0.1;bus_stop_12
req-65-255191427_0;1.3229;1.4229;0.1;bus_stop_13
req-65-581942058_0;1.3238;1.4238;0.1;bus_stop_14
req-66-255190984_0;1.3238;1.4238;0.1;bus_stop_13
req-65-583490272_0;1.3238;1.4238;0.1;bus_stop_13
req-66-255200263_0;1.3247;1.4247;0.1;bus_stop_13
req-66-2569086820_0;1.3251;1.4251;0.1;bus_stop_14
req-66-581942559_0;1.3269;1.4269;0.1;bus_stop_14
req-36-255595787_2;1.3281;1.4281;0.1;bus_stop_14
req-67-10915667342_0;1.3288;1.4288;0.1;bus_stop_16
req-68-10915667342_0;1.329;1.429;0.1;bus_stop_16
req-37-1371510515_2;1.3313;1.4313;0.1;bus_stop_16
req-68-11378562273_0;1.3317;1.4317;0.1;bus_stop_15
req-56-2569086678_1;1.3324;1.4324;0.1;bus_stop_15
req-56-2569086712_1;1.3328;1.4328;0.1;bus_stop_15
req-69-255200417_0;1.3329;1.4329;0.1;bus_stop_15
req-59-1371510173_1;1.3356;1.4356;0.1;bus_stop_16
req-37-1371509882_2;1.3424;1.4424;0.1;bus_stop_5
req-61-255596094_1;1.3427;1.4427;0.1;bus_stop_6
req-63-255595238_0;1.3432;1.4432;0.1;bus_stop_5
req-63-255190815_0;1.3432;1.4432;0.1;bus_stop_5
req-63-255595328_0;1.3435;1.4435;0.1;bus_stop_5
req-63-1480037106_0;1.3453;1.4453;0.1;bus_stop_6
req-53-12146794_2;1.3453;1.4453;0.1;bus_stop_6
req-68-255595665_0;1.346;1.446;0.1;bus_stop_6
req-43-1480037117_2;1.3521;1.4521;0.1;bus_stop_2
req-31-255190815_3;1.3521;1.4521;0.1;bus_stop_2
req-54-1480037114_1;1.3525;1.4525;0.1;bus_stop_2
req-10-12146767_3;1.3554;1.4554;0.1;bus_stop_2
req-58-1432574984_1;1.3562;1.4562;0.1;bus_stop_3
req-59-1371510111_1;1.3568;1.4568;0.1;bus_stop_3
req-59-12146767_1;1.3568;1.4568;0.1;bus_stop_3
req-59-1371510128_1;1.3568;1.4568;0.1;bus_stop_3
req-59-12146760_1;1.3584;1.4584;0.1;bus_stop_4
req-59-1371509982_1;1.359;1.459;0.1;bus_stop_4
req-61-255191075_1;1.3593;1.4593;0.1;bus_stop_4
req-61-255596028_1;1.3602;1.4602;0.1;bus_stop_4
req-46-9983238121_2;1.3605;1.4605;0.1;bus_stop_7
req-63-1480037112_0;1.3622;1.4622;0.1;bus_stop_7
req-62-255596055_1;1.3622;1.4622;0.1;bus_stop_7
req-63-1480037132_0;1.3632;1.4632;0.1;bus_stop_7
req-64-255190814_0;1.3636;1.4636;0.1;bus_stop_8
req-44-9983238121_2;1.3643;1.4643;0.1;bus_stop_8
req-64-255190801_0;1.3648;1.4648;0.1;bus_stop_8
req-47-1480037117_2;1.3663;1.4663;0.1;bus_stop_8
req-68-255595828_0;1.3671;1.4671;0.1;bus_stop_9
req-70-255191437_0;1.3679;1.4679;0.1;bus_stop_9
req-71-1371510515_0;1.3682;1.4682;0.1;bus_stop_9
req-42-255190788_2;1.3687;1.4687;0.1;bus_stop_9
req-29-1432574919_3;1.4031;1.5031;0.1;bus_stop_0
req-30-2569086797_3;1.4036;1.5036;0.1;bus_stop_0
req-43-1480037114_2;1.4043;1.5043;0.1;bus_stop_1
req-58-1432574912_1;1.406;1.506;0.1;bus_stop_1
req-60-10915667292_1;1.406;1.506;0.1;bus_stop_0
req-59-1371509865_1;1.406;1.506;0.1;bus_stop_0
req-35-255595921_3;1.4066;1.5066;0.1;bus_stop_1
req-34-1480037112_3;1.4066;1.5066;0.1;bus_stop_1
req-60-255190788_1;1.408;1.508;0.1;bus_stop_10
req-62-255595787_0;1.4098;1.5098;0.1;bus_stop_10
req-60-2923311197_1;1.4098;1.5098;0.1;bus_stop_10
req-64-2569108697_0;1.4099;1.5099;0.1;bus_stop_10
req-55-2447667809_1;1.4122;1.5122;0.1;bus_stop_11
req-44-1371509882_2;1.4134;1.5134;0.1;bus_stop_11
req-57-1371509982_1;1.4143;1.5143;0.1;bus_stop_11
req-55-12146760_1;1.4143;1.5143;0.1;bus_stop_11
req-62-255596055_0;1.4162;1.5162;0.1;bus_stop_12
req-60-255190814_1;1.4162;1.5162;0.1;bus_stop_12
req-64-255190788_0;1.4163;1.5163;0.1;bus_stop_12
req-64-255190812_0;1.421;1.521;0.1;bus_stop_12
req-49-4414627711_2;1.423;1.523;0.1;bus_stop_13
req-64-2923311196_0;1.4239;1.5239;0.1;bus_stop_14
req-66-2569087094_0;1.4241;1.5241;0.1;bus_stop_13
req-66-255191060_0;1.4241;1.5241;0.1;bus_stop_13
req-66-1451034444_0;1.4248;1.5248;0.1;bus_stop_13
req-67-255595844_0;1.4254;1.5254;0.1;bus_stop_14
req-67-255595784_0;1.4272;1.5272;0.1;bus_stop_14
req-67-255595787_0;1.4283;1.5283;0.1;bus_stop_14
req-67-2569086780_0;1.4289;1.5289;0.1;bus_stop_16
req-67-255596055_0;1.4291;1.5291;0.1;bus_stop_16
req-67-1480037155_0;1.4314;1.5314;0.1;bus_stop_16
req-67-2569086678_0;1.4318;1.5318;0.1;bus_stop_15
req-68-12146784_0;1.4326;1.5326;0.1;bus_stop_15
req-68-255596028_0;1.433;1.533;0.1;bus_stop_15
req-68-255191075_0;1.433;1.533;0.1;bus_stop_15
req-40-255595238_3;1.4357;1.5357;0.1;bus_stop_16
req-68-2569086736_0;1.4426;1.5426;0.1;bus_stop_5
req-68-2569086780_0;1.4428;1.5428;0.1;bus_stop_6
req-69-255200372_0;1.4433;1.5433;0.1;bus_stop_5
req-68-255595599_0;1.4433;1.5433;0.1;bus_stop_5
req-69-236868307_0;1.4436;1.5436;0.1;bus_stop_5
req-70-255191427_0;1.4454;1.5454;0.1;bus_stop_6
req-63-12146794_1;1.4454;1.5454;0.1;bus_stop_6
req-27-2569086797_3;1.4461;1.5461;0.1;bus_stop_6
req-70-581942058_0;1.4522;1.5522;0.1;bus_stop_2
req-70-581942025_0;1.4522;1.5522;0.1;bus_stop_2
req-70-1451034453_0;1.4527;1.5527;0.1;bus_stop_2
req-46-1371510515_2;1.4556;1.5556;0.1;bus_stop_2
req-57-12146767_1;1.4563;1.5563;0.1;bus_stop_3
req-71-1371510009_0;1.4572;1.5572;0.1;bus_stop_3
req-71-12146760_0;1.4572;1.5572;0.1;bus_stop_3
req-71-9983238121_0;1.4572;1.5572;0.1;bus_stop_3
req-71-1371510260_0;1.4585;1.5585;0.1;bus_stop_4
req-72-2569086820_0;1.4593;1.5593;0.1;bus_stop_4
req-72-4414627711_0;1.4593;1.5593;0.1;bus_stop_4
req-72-255190984_0;1.4605;1.5605;0.1;bus_stop_7
req-72-581942559_0;1.4605;1.5605;0.1;bus_stop_4
req-72-2569087094_0;1.4625;1.5625;0.1;bus_stop_7
req-72-255191060_0;1.4625;1.5625;0.1;bus_stop_7
req-28-255200372_3;1.4633;1.5633;0.1;bus_stop_7
req-46-1371509882_2;1.4637;1.5637;0.1;bus_stop_8
req-48-1480037114_2;1.4644;1.5644;0.1;bus_stop_8
req-72-255200263_0;1.4652;1.5652;0.1;bus_stop_8
req-72-1451034444_0;1.4664;1.5664;0.1;bus_stop_8
req-47-255191448_2;1.4672;1.5672;0.1;bus_stop_9
req-66-1469068918_1;1.468;1.568;0.1;bus_stop_9
req-66-9143229517_1;1.4683;1.5683;0.1;bus_stop_9
req-73-10915667490_0;1.4691;1.5691;0.1;bus_stop_9
req-37-9983238121_2;1.5033;1.6033;0.1;bus_stop_0
req-39-1480037106_3;1.5038;1.6038;0.1;bus_stop_0
req-44-1371510515_2;1.5046;1.6046;0.1;bus_stop_1
req-45-9143229517_2;1.5061;1.6061;0.1;bus_stop_1
req-48-1480037117_2;1.5061;1.6061;0.1;bus_stop_0
req-53-1480037132_2;1.5063;1.6063;0.1;bus_stop_0
req-66-581942559_1;1.5076;1.6076;0.1;bus_stop_1
req-65-255191439_1;1.5076;1.6076;0.1;bus_stop_1
req-66-2569086698_1;1.5081;1.6081;0.1;bus_stop_10
req-73-1371509882_0;1.5101;1.6101;0.1;bus_stop_10
req-73-1432574941_0;1.5101;1.6101;0.1;bus_stop_10
req-73-1432574918_0;1.5101;1.6101;0.1;bus_stop_10
req-73-1371510260_0;1.5123;1.6123;0.1;bus_stop_11
req-73-1371510304_0;1.5135;1.6135;0.1;bus_stop_11
req-74-255200417_0;1.5147;1.6147;0.1;bus_stop_11
req-74-581942879_0;1.5147;1.6147;0.1;bus_stop_11
req-50-2569086797_2;1.5163;1.6163;0.1;bus_stop_12
req-74-1469068934_0;1.5167;1.6167;0.1;bus_stop_12
req-74-236864888_0;1.5167;1.6167;0.1;bus_stop_12
req-65-581942026_1;1.5212;1.6212;0.1;bus_stop_12
req-36-255595599_3;1.5233;1.6233;0.1;bus_stop_13
req-74-255200372_0;1.5241;1.6241;0.1;bus_stop_14
req-75-10915667416_0;1.5241;1.6241;0.1;bus_stop_13
req-74-236868307_0;1.5241;1.6241;0.1;bus_stop_13
req-75-1432574901_0;1.5251;1.6251;0.1;bus_stop_13
req-75-1371509865_0;1.5255;1.6255;0.1;bus_stop_14
req-75-1432574919_0;1.5274;1.6274;0.1;bus_stop_14
req-75-12146767_0;1.5286;1.6286;0.1;bus_stop_14
req-75-1371510111_0;1.5291;1.6291;0.1;bus_stop_16
req-71-1371510173_1;1.5291;1.6291;0.1;bus_stop_16
req-76-1451034453_0;1.5317;1.6317;0.1;bus_stop_16
req-76-255191437_0;1.532;1.632;0.1;bus_stop_15
req-76-581942058_0;1.5328;1.6328;0.1;bus_stop_15
req-76-581942025_0;1.5331;1.6331;0.1;bus_stop_15
req-76-255191427_0;1.5331;1.6331;0.1;bus_stop_15
req-77-2569087094_0;1.5359;1.6359;0.1;bus_stop_16
req-50-255596055_2;1.5427;1.6427;0.1;bus_stop_5
req-52-1371509882_2;1.5429;1.6429;0.1;bus_stop_6
req-77-255200263_0;1.5443;1.6443;0.1;bus_stop_5
req-77-255191060_0;1.5443;1.6443;0.1;bus_stop_5
req-77-255190984_0;1.5443;1.6443;0.1;bus_stop_5
req-77-2569086820_0;1.5455;1.6455;0.1;bus_stop_6
req-77-1451034444_0;1.5455;1.6455;0.1;bus_stop_6
req-77-4414627711_0;1.5462;1.6462;0.1;bus_stop_6
req-77-581942559_0;1.5526;1.6526;0.1;bus_stop_2
req-71-1371510128_1;1.5526;1.6526;0.1;bus_stop_2
req-78-8255515229_0;1.553;1.653;0.1;bus_stop_2
req-78-12146777_0;1.5558;1.6558;0.1;bus_stop_2
req-78-1432574918_0;1.5565;1.6565;0.1;bus_stop_3
req-78-1371510260_0;1.5577;1.6577;0.1;bus_stop_3
req-78-1371509882_0;1.5577;1.6577;0.1;bus_stop_3
req-78-10915667490_0;1.5577;1.6577;0.1;bus_stop_3
req-78-1371510304_0;1.5587;1.6587;0.1;bus_stop_4
req-79-1469068918_0;1.5597;1.6597;0.1;bus_stop_4
req-79-9143229517_0;1.5597;1.6597;0.1;bus_stop_4
req-79-9279408578_0;1.5608;1.6608;0.1;bus_stop_7
req-79-9143229520_0;1.5608;1.6608;0.1;bus_stop_4
req-79-12146760_0;1.5628;1.6628;0.1;bus_stop_7
req-79-9279408579_1;1.5628;1.6628;0.1;bus_stop_7
req-56-255595328_2;1.5634;1.6634;0.1;bus_stop_7
req-79-2447667809_0;1.5639;1.6639;0.1;bus_stop_8
req-80-3937517280_0;1.5646;1.6646;0.1;bus_stop_8
req-52-1371510515_2;1.5653;1.6653;0.1;bus_stop_8
req-51-255595328_2;1.5665;1.6665;0.1;bus_stop_8
req-59-9983238121_2;1.5674;1.6674;0.1;bus_stop_9
req-80-255595665_0;1.5682;1.6682;0.1;bus_stop_9
req-80-255595844_0;1.5684;1.6684;0.1;bus_stop_9
req-67-255595599_1;1.5692;1.6692;0.1;bus_stop_9
req-56-1480037155_2;1.6035;1.7035;0.1;bus_stop_0
req-60-255190788_2;1.6041;1.7041;0.1;bus_stop_0
req-62-10915667342_1;1.6048;1.7048;0.1;bus_stop_1
req-63-1480037106_1;1.6066;1.7066;0.1;bus_stop_1
req-63-12146792_1;1.6066;1.7066;0.1;bus_stop_0
req-67-255595665_1;1.6067;1.7067;0.1;bus_stop_0
req-54-1480037117_2;1.6078;1.7078;0.1;bus_stop_1
req-67-255595828_1;1.6079;1.7079;0.1;bus_stop_1
req-70-581942052_1;1.6085;1.7085;0.1;bus_stop_10
req-72-9143229517_1;1.6102;1.7102;0.1;bus_stop_10
req-72-2569086698_1;1.6102;1.7102;0.1;bus_stop_10
req-72-1469068918_1;1.6102;1.7102;0.1;bus_stop_10
req-67-11378562273_1;1.6124;1.7124;0.1;bus_stop_11
req-68-10915667347_1;1.6136;1.7136;0.1;bus_stop_11
req-80-255595828_0;1.6155;1.7155;0.1;bus_stop_11
req-80-255595599_0;1.6155;1.7155;0.1;bus_stop_11
req-80-255595784_0;1.6164;1.7164;0.1;bus_stop_12
req-80-255191075_0;1.6169;1.7169;0.1;bus_stop_12
req-80-255595834_0;1.6169;1.7169;0.1;bus_stop_12
req-42-255190814_3;1.6213;1.7213;0.1;bus_stop_12
req-49-1469068918_3;1.6234;1.7234;0.1;bus_stop_13
req-38-10915667342_3;1.6242;1.7242;0.1;bus_stop_14
req-62-10915667347_1;1.6242;1.7242;0.1;bus_stop_13
req-67-255191075_1;1.6244;1.7244;0.1;bus_stop_13
req-66-255191048_1;1.6252;1.7252;0.1;bus_stop_13
req-66-255200029_1;1.6256;1.7256;0.1;bus_stop_14
req-52-9983238121_2;1.6275;1.7275;0.1;bus_stop_14
req-64-255190788_1;1.6287;1.7287;0.1;bus_stop_14
req-69-236864890_1;1.6296;1.7296;0.1;bus_stop_16
req-80-11378562273_0;1.6307;1.7307;0.1;bus_stop_16
req-81-255190812_0;1.6318;1.7318;0.1;bus_stop_16
req-81-255190788_0;1.6321;1.7321;0.1;bus_stop_15
req-81-1480037098_0;1.6331;1.7331;0.1;bus_stop_15
req-81-255190828_0;1.6331;1.7331;0.1;bus_stop_15
req-81-2569108697_0;1.6331;1.7331;0.1;bus_stop_15
req-81-255190832_0;1.6361;1.7361;0.1;bus_stop_16
req-72-255191048_1;1.643;1.743;0.1;bus_stop_6
req-64-10915667292_1;1.643;1.743;0.1;bus_stop_5
req-59-1371509882_2;1.6444;1.7444;0.1;bus_stop_5
req-81-1480037112_0;1.6445;1.7445;0.1;bus_stop_5
req-81-255190815_0;1.6445;1.7445;0.1;bus_stop_5
req-82-255596094_0;1.6459;1.7459;0.1;bus_stop_6
req-82-255596112_0;1.6459;1.7459;0.1;bus_stop_6
req-82-11383382298_0;1.6464;1.7464;0.1;bus_stop_6
req-64-2923311197_1;1.6527;1.7527;0.1;bus_stop_2
req-61-2569086797_2;1.6527;1.7527;0.1;bus_stop_2
req-65-583490272_2;1.6532;1.7532;0.1;bus_stop_2
req-43-1480037112_3;1.6559;1.7559;0.1;bus_stop_2
req-68-11378562276_1;1.6567;1.7567;0.1;bus_stop_3
req-76-581942052_1;1.658;1.758;0.1;bus_stop_3
req-82-255596018_0;1.6585;1.7585;0.1;bus_stop_3
req-82-255596028_0;1.6585;1.7585;0.1;bus_stop_3
req-82-11383367766_0;1.6589;1.7589;0.1;bus_stop_4
req-82-2569086736_0;1.6599;1.7599;0.1;bus_stop_4
req-82-255191075_0;1.6599;1.7599;0.1;bus_stop_4
req-83-1371509882_0;1.661;1.761;0.1;bus_stop_7
req-83-1371510260_0;1.661;1.761;0.1;bus_stop_4
req-83-1432574918_0;1.6629;1.7629;0.1;bus_stop_7
req-83-1371510304_0;1.6629;1.7629;0.1;bus_stop_7
req-54-255191448_2;1.6635;1.7635;0.1;bus_stop_7
req-57-12146760_2;1.664;1.764;0.1;bus_stop_8
req-62-255595599_1;1.6647;1.7647;0.1;bus_stop_8
req-64-255190814_1;1.6655;1.7655;0.1;bus_stop_8
req-83-1371510515_0;1.6669;1.7669;0.1;bus_stop_8
req-61-255596055_2;1.6675;1.7675;0.1;bus_stop_9
req-83-1371510111_0;1.6683;1.7683;0.1;bus_stop_9
req-83-12146756_0;1.6686;1.7686;0.1;bus_stop_9
req-83-1371509982_0;1.6693;1.7693;0.1;bus_stop_9
req-41-1432574901_3;1.7037;1.8037;0.1;bus_stop_0
req-55-12146756_2;1.7044;1.8044;0.1;bus_stop_0
req-58-1432574929_2;1.705;1.805;0.1;bus_stop_1
req-60-10915667297_2;1.7067;1.8067;0.1;bus_stop_0
req-59-1371510515_2;1.7067;1.8067;0.1;bus_stop_0
req-66-2569086820_2;1.707;1.807;0.1;bus_stop_1
req-68-10915667342_1;1.7079;1.8079;0.1;bus_stop_1
req-47-1480037114_3;1.7079;1.8079;0.1;bus_stop_1
req-72-581942559_1;1.7087;1.8087;0.1;bus_stop_10
req-72-255200029_1;1.7103;1.8103;0.1;bus_stop_10
req-70-1451034425_1;1.7103;1.8103;0.1;bus_stop_10
req-77-1469068918_1;1.7117;1.8117;0.1;bus_stop_10
req-79-9143213716_1;1.7128;1.8128;0.1;bus_stop_11
req-83-12146760_0;1.714;1.814;0.1;bus_stop_11
req-84-255200372_0;1.7157;1.8157;0.1;bus_stop_11
req-83-1371510009_0;1.7157;1.8157;0.1;bus_stop_11
req-84-255200417_0;1.7165;1.8165;0.1;bus_stop_12
req-85-1371509982_0;1.7172;1.8172;0.1;bus_stop_12
req-84-236868307_0;1.7172;1.8172;0.1;bus_stop_12
req-76-581942026_1;1.7214;1.8214;0.1;bus_stop_12
req-85-12146760_0;1.7235;1.8235;0.1;bus_stop_13
req-85-1371509865_0;1.7244;1.8244;0.1;bus_stop_14
req-85-12146767_0;1.7244;1.8244;0.1;bus_stop_13
req-69-4414627711_1;1.7244;1.8244;0.1;bus_stop_13
req-85-1371510111_0;1.7254;1.8254;0.1;bus_stop_13
req-85-1371510128_0;1.7258;1.8258;0.1;bus_stop_14
req-77-2569086698_1;1.7278;1.8278;0.1;bus_stop_14
req-68-255595787_1;1.7288;1.8288;0.1;bus_stop_14
req-85-1371510173_0;1.7297;1.8297;0.1;bus_stop_16
req-73-1432574901_1;1.7308;1.8308;0.1;bus_stop_16
req-73-1371509865_1;1.7319;1.8319;0.1;bus_stop_16
req-75-1371510260_1;1.7322;1.8322;0.1;bus_stop_15
req-75-1371509882_1;1.7332;1.8332;0.1;bus_stop_15
req-75-1432574918_1;1.7332;1.8332;0.1;bus_stop_15
req-75-1371510304_1;1.7332;1.8332;0.1;bus_stop_15
req-57-1371510009_2;1.7362;1.8362;0.1;bus_stop_16
req-76-1451034425_1;1.7431;1.8431;0.1;bus_stop_6
req-74-255200372_1;1.7431;1.8431;0.1;bus_stop_5
req-86-1432574919_0;1.7452;1.8452;0.1;bus_stop_5
req-86-1371509865_0;1.7452;1.8452;0.1;bus_stop_5
req-86-1432574901_0;1.7452;1.8452;0.1;bus_stop_5
req-86-1371510111_0;1.7461;1.8461;0.1;bus_stop_6
req-86-12146767_0;1.7461;1.8461;0.1;bus_stop_6
req-86-1371510128_0;1.7466;1.8466;0.1;bus_stop_6
req-51-12146792_3;1.7528;1.8528;0.1;bus_stop_2
req-65-255191427_2;1.7529;1.8529;0.1;bus_stop_2
req-71-1371510111_1;1.7533;1.8533;0.1;bus_stop_2
req-46-12146767_3;1.756;1.856;0.1;bus_stop_2
req-86-1371510173_0;1.7571;1.8571;0.1;bus_stop_3
req-86-12146760_0;1.7582;1.8582;0.1;bus_stop_3
req-86-1371509882_0;1.7587;1.8587;0.1;bus_stop_3
req-86-1371509982_0;1.7587;1.8587;0.1;bus_stop_3
req-87-1371510128_0;1.7591;1.8591;0.1;bus_stop_4
req-87-1371510173_0;1.7601;1.8601;0.1;bus_stop_4
req-87-12146767_0;1.7601;1.8601;0.1;bus_stop_4
req-87-1371510111_0;1.7611;1.8611;0.1;bus_stop_7
req-87-1371509865_0;1.7611;1.8611;0.1;bus_stop_4
req-48-1480037112_3;1.763;1.863;0.1;bus_stop_7
req-87-12146760_0;1.7632;1.8632;0.1;bus_stop_7
req-37-12146767_3;1.7637;1.8637;0.1;bus_stop_7
req-87-1371509982_0;1.7641;1.8641;0.1;bus_stop_8
req-87-1432574901_0;1.7648;1.8648;0.1;bus_stop_8
req-80-255595787_1;1.7657;1.8657;0.1;bus_stop_8
req-57-9983238121_2;1.767;1.867;0.1;bus_stop_8
req-62-255191075_1;1.7677;1.8677;0.1;bus_stop_9
req-70-581942026_1;1.7685;1.8685;0.1;bus_stop_9
req-82-2570830459_1;1.7687;1.8687;0.1;bus_stop_9
req-68-2569086780_1;1.7695;1.8695;0.1;bus_stop_9
req-44-12146767_3;1.8038;1.9038;0.1;bus_stop_0
req-50-255596028_3;1.8045;1.9045;0.1;bus_stop_0
req-53-1480037117_3;1.8051;1.9051;0.1;bus_stop_1
req-63-12146794_2;1.8074;1.9074;0.1;bus_stop_1
req-71-1371509982_1;1.8076;1.9076;0.1;bus_stop_0
req-67-2569086780_2;1.8076;1.9076;0.1;bus_stop_0
req-74-255200417_1;1.808;1.908;0.1;bus_stop_1
req-73-1432574919_1;1.808;1.908;0.1;bus_stop_1
req-75-1432574941_1;1.8089;1.9089;0.1;bus_stop_10
req-68-255596055_1;1.8104;1.9104;0.1;bus_stop_10
req-77-9143229517_1;1.8105;1.9105;0.1;bus_stop_10
req-78-10915667416_1;1.8118;1.9118;0.1;bus_stop_10
req-80-255595784_1;1.8129;1.9129;0.1;bus_stop_11
req-54-1480037114_3;1.8141;1.9141;0.1;bus_stop_11
req-80-2569086780_1;1.8159;1.9159;0.1;bus_stop_11
req-87-1371509882_0;1.817;1.917;0.1;bus_stop_12
req-87-1432574919_0;1.817;1.917;0.1;bus_stop_11
req-88-255191427_0;1.8174;1.9174;0.1;bus_stop_12
req-88-581942025_0;1.8174;1.9174;0.1;bus_stop_12
req-78-1432574919_1;1.8215;1.9215;0.1;bus_stop_12
req-88-581942058_0;1.8236;1.9236;0.1;bus_stop_13
req-45-9143213716_3;1.8245;1.9245;0.1;bus_stop_14
req-89-581942879_0;1.8247;1.9247;0.1;bus_stop_13
req-88-583490272_0;1.8247;1.9247;0.1;bus_stop_13
req-89-255200372_0;1.8257;1.9257;0.1;bus_stop_13
req-89-236868307_0;1.8259;1.9259;0.1;bus_stop_14
req-56-2569086678_3;1.8279;1.9279;0.1;bus_stop_14
req-90-1469058565_0;1.829;1.929;0.1;bus_stop_14
req-71-1371509865_1;1.8299;1.9299;0.1;bus_stop_16
req-90-12146784_0;1.8309;1.9309;0.1;bus_stop_16
req-90-255595844_0;1.832;1.932;0.1;bus_stop_16
req-90-255595921_0;1.8323;1.9323;0.1;bus_stop_15
req-90-255596808_0;1.8335;1.9335;0.1;bus_stop_15
req-90-10915667342_0;1.8335;1.9335;0.1;bus_stop_15
req-78-1371509865_1;1.8335;1.9335;0.1;bus_stop_15
req-90-10915667367_0;1.8363;1.9363;0.1;bus_stop_16
req-66-255190984_2;1.8433;1.9433;0.1;bus_stop_5
req-90-12146782_0;1.8434;1.9434;0.1;bus_stop_6
req-80-255595844_1;1.8453;1.9453;0.1;bus_stop_5
req-81-1480037098_1;1.8456;1.9456;0.1;bus_stop_5
req-86-1371510260_1;1.8457;1.9457;0.1;bus_stop_5
req-91-255595921_0;1.8466;1.9466;0.1;bus_stop_6
req-91-12146782_0;1.8466;1.9466;0.1;bus_stop_6
req-90-1432574832_0;1.8466;1.9466;0.1;bus_stop_6
req-91-1432574832_0;1.8529;1.9529;0.1;bus_stop_2
req-71-12146760_1;1.8529;1.9529;0.1;bus_stop_2
req-92-10915667416_0;1.8535;1.9535;0.1;bus_stop_2
req-79-2447667809_1;1.8561;1.9561;0.1;bus_stop_2
req-79-12146756_1;1.8573;1.9573;0.1;bus_stop_3
req-92-1432574919_0;1.8587;1.9587;0.1;bus_stop_3
req-92-1371509865_0;1.8587;1.9587;0.1;bus_stop_3
req-92-1432574901_0;1.8587;1.9587;0.1;bus_stop_3
req-92-12146767_0;1.8594;1.9594;0.1;bus_stop_4
req-93-1371509882_0;1.8603;1.9603;0.1;bus_stop_4
req-92-1371510111_0;1.8603;1.9603;0.1;bus_stop_4
req-93-9983238121_0;1.8615;1.9615;0.1;bus_stop_7
req-93-1371510515_0;1.8615;1.9615;0.1;bus_stop_4
req-67-11378562276_2;1.8631;1.9631;0.1;bus_stop_7
req-93-12146756_0;1.8633;1.9633;0.1;bus_stop_7
req-93-1371509982_0;1.8638;1.9638;0.1;bus_stop_7
req-93-12146760_0;1.8643;1.9643;0.1;bus_stop_8
req-93-1371510009_0;1.8649;1.9649;0.1;bus_stop_8
req-80-255595828_2;1.8658;1.9658;0.1;bus_stop_8
req-81-1480037096_1;1.8672;1.9672;0.1;bus_stop_8
req-93-2447667809_0;1.8682;1.9682;0.1;bus_stop_9
req-93-12146767_0;1.8687;1.9687;0.1;bus_stop_9
req-93-9279408578_0;1.8687;1.9687;0.1;bus_stop_9
req-94-255595599_0;1.8698;1.9698;0.1;bus_stop_9
req-61-255596028_3;1.9042;2.0042;0.1;bus_stop_0
req-63-1480037132_2;1.9046;2.0046;0.1;bus_stop_0
req-64-255190788_2;1.9052;2.0052;0.1;bus_stop_1
req-65-255191439_3;1.9075;2.0075;0.1;bus_stop_1
req-72-2569086820_2;1.9078;2.0078;0.1;bus_stop_0
req-71-12146767_1;1.9078;2.0078;0.1;bus_stop_0
req-77-255200029_1;1.9086;2.0086;0.1;bus_stop_1
req-77-255191048_1;1.9086;2.0086;0.1;bus_stop_1
req-77-581942559_1;1.9091;2.0091;0.1;bus_stop_10
req-82-2569086797_1;1.9107;2.0107;0.1;bus_stop_10
req-74-4414627711_1;1.9109;2.0109;0.1;bus_stop_10
req-75-10915667490_1;1.9119;2.0119;0.1;bus_stop_10
req-94-11378562273_0;1.9137;2.0137;0.1;bus_stop_11
req-94-1480037155_0;1.9142;2.0142;0.1;bus_stop_11
req-94-2569086678_0;1.916;2.016;0.1;bus_stop_11
req-82-255596055_1;1.9171;2.0171;0.1;bus_stop_12
req-82-11383367761_1;1.9171;2.0171;0.1;bus_stop_11
req-95-581942058_0;1.9177;2.0177;0.1;bus_stop_12
req-95-255191427_0;1.9177;2.0177;0.1;bus_stop_12
req-95-583490272_0;1.9217;2.0217;0.1;bus_stop_12
req-96-9143229517_0;1.9238;2.0238;0.1;bus_stop_13
req-96-1469068918_0;1.9246;2.0246;0.1;bus_stop_14
req-96-9279408578_0;1.925;2.025;0.1;bus_stop_13
req-96-9143229520_0;1.925;2.025;0.1;bus_stop_13
req-96-9279408579_1;1.9259;2.0259;0.1;bus_stop_13
req-96-12146760_0;1.9259;2.0259;0.1;bus_stop_14
req-64-10915667297_2;1.928;2.028;0.1;bus_stop_14
req-67-255595787_2;1.9291;2.0291;0.1;bus_stop_14
req-96-2447667809_0;1.9301;2.0301;0.1;bus_stop_16
req-74-236864890_1;1.931;2.031;0.1;bus_stop_16
req-85-1371510515_1;1.9321;2.0321;0.1;bus_stop_16
req-86-1371510304_1;1.9324;2.0324;0.1;bus_stop_15
req-97-11378562276_0;1.9339;2.0339;0.1;bus_stop_15
req-97-2569086780_0;1.9339;2.0339;0.1;bus_stop_15
req-97-255595787_0;1.9339;2.0339;0.1;bus_stop_15
req-83-1371509865_1;1.9364;2.0364;0.1;bus_stop_16
req-73-1432574918_2;1.9436;2.0436;0.1;bus_stop_5
req-97-255596055_0;1.9437;2.0437;0.1;bus_stop_6
req-58-1432574863_3;1.9454;2.0454;0.1;bus_stop_5
req-81-255190828_1;1.9458;2.0458;0.1;bus_stop_5
req-97-10915667342_0;1.946;2.046;0.1;bus_stop_5
req-83-1371510173_1;1.9467;2.0467;0.1;bus_stop_6
req-97-255191075_0;1.9468;2.0468;0.1;bus_stop_6
req-97-10915667347_0;1.9468;2.0468;0.1;bus_stop_6
req-83-1371510111_1;1.953;2.053;0.1;bus_stop_2
req-76-581942058_2;1.953;2.053;0.1;bus_stop_2
req-75-1432574919_2;1.9536;2.0536;0.1;bus_stop_2
req-83-12146760_1;1.9563;2.0563;0.1;bus_stop_2
req-78-1432574901_1;1.9574;2.0574;0.1;bus_stop_3
req-83-1371510128_1;1.9589;2.0589;0.1;bus_stop_3
req-97-255596028_0;1.9602;2.0602;0.1;bus_stop_4
req-97-12146784_0;1.9602;2.0602;0.1;bus_stop_3
req-97-2569086736_0;1.9602;2.0602;0.1;bus_stop_3
req-98-581942026_0;1.9605;2.0605;0.1;bus_stop_4
req-98-255191439_0;1.9605;2.0605;0.1;bus_stop_4
req-98-1451034425_0;1.9617;2.0617;0.1;bus_stop_7
req-98-581942052_0;1.9617;2.0617;0.1;bus_stop_4
req-98-255191448_0;1.9632;2.0632;0.1;bus_stop_7
req-98-255191459_0;1.9634;2.0634;0.1;bus_stop_7
req-57-1371509982_3;1.9639;2.0639;0.1;bus_stop_7
req-59-12146767_3;1.9644;2.0644;0.1;bus_stop_8
req-99-2569108697_0;1.9653;2.0653;0.1;bus_stop_8
req-81-255190814_1;1.9659;2.0659;0.1;bus_stop_8
req-99-255190788_0;1.9673;2.0673;0.1;bus_stop_8
req-62-255191075_2;1.9683;2.0683;0.1;bus_stop_9
req-72-255190984_2;1.9688;2.0688;0.1;bus_stop_9
req-99-255190812_0;1.969;2.069;0.1;bus_stop_9
req-99-10915667297_0;1.97;2.07;0.1;bus_stop_9
req-52-12146767_3;2.0043;2.1043;0.1;bus_stop_0
req-60-10915667292_3;2.0047;2.1047;0.1;bus_stop_0
req-75-1371509865_2;2.0054;2.1054;0.1;bus_stop_1
req-86-9983238121_1;2.0082;2.1082;0.1;bus_stop_0
req-85-9983238121_1;2.0082;2.1082;0.1;bus_stop_0
req-84-4414627711_1;2.0082;2.1082;0.1;bus_stop_1
req-87-1371510260_1;2.0086;2.1086;0.1;bus_stop_1
req-87-1371510515_1;2.0086;2.1086;0.1;bus_stop_1
req-87-1371510304_1;2.0093;2.1093;0.1;bus_stop_10
req-87-9983238121_1;2.0109;2.1109;0.1;bus_stop_10
req-90-10915667347_1;2.0113;2.1113;0.1;bus_stop_10
req-93-12146767_1;2.013;2.113;0.1;bus_stop_10
req-99-10915667292_0;2.0144;2.1144;0.1;bus_stop_11
req-99-255190814_0;2.0144;2.1144;0.1;bus_stop_11
req-99-255190801_0;2.0162;2.1162;0.1;bus_stop_11
req-74-236864890_2;2.0254;2.1254;0.1;bus_stop_11
req-80-11378562276_1;2.0254;2.1254;0.1;bus_stop_14
req-77-2569086820_2;2.0277;2.1277;0.1;bus_stop_14
req-79-9143229520_2;2.0278;2.1278;0.1;bus_stop_12
req-62-2569086780_2;2.0282;2.1282;0.1;bus_stop_14
req-91-2923178604_1;2.03;2.13;0.1;bus_stop_14
req-87-1432574918_1;2.0311;2.1311;0.1;bus_stop_16
req-92-1371510260_1;2.0327;2.1327;0.1;bus_stop_15
req-92-1371510304_1;2.0328;2.1328;0.1;bus_stop_16
req-92-1432574918_1;2.0329;2.1329;0.1;bus_stop_16
req-92-1371509882_1;2.033;2.133;0.1;bus_stop_12
req-86-1432574918_1;2.0331;2.1331;0.1;bus_stop_12
req-86-1371509882_1;2.0332;2.1332;0.1;bus_stop_12
req-86-1371510515_1;2.0333;2.1333;0.1;bus_stop_13
req-87-1371509882_1;2.0337;2.1337;0.1;bus_stop_13
req-84-236864890_1;2.0482;2.1482;0.1;bus_stop_16
req-89-255200417_1;2.0498;2.1498;0.1;bus_stop_13
req-86-1371510111_1;2.0535;2.1535;0.1;bus_stop_13
req-96-9143213716_1;2.0547;2.1547;0.1;bus_stop_15
req-85-1371509882_1;2.0586;2.1586;0.1;bus_stop_3
req-69-236868307_2;2.0678;2.1678;0.1;bus_stop_15
req-70-581942058_2;2.0691;2.1691;0.1;bus_stop_15
req-92-1432574941_1;2.0725;2.1725;0.1;bus_stop_3
req-94-2569086712_1;2.0744;2.1744;0.1;bus_stop_3
req-55-12146755_3;2.0774;2.1774;0.1;bus_stop_3
req-78-10915667490_2;2.0776;2.1776;0.1;bus_stop_2
req-71-9983238121_2;2.0781;2.1781;0.1;bus_stop_2
req-83-12146767_1;2.0785;2.1785;0.1;bus_stop_2
req-83-1371509982_1;2.0786;2.1786;0.1;bus_stop_2
req-68-255595599_2;2.0798;2.1798;0.1;bus_stop_4
req-94-11378562276_1;2.0844;2.1844;0.1;bus_stop_4
req-88-581942026_1;2.0859;2.1859;0.1;bus_stop_4
req-88-255191439_1;2.086;2.186;0.1;bus_stop_4
req-95-581942026_1;2.0879;2.1879;0.1;bus_stop_5
req-68-255191075_2;2.0909;2.1909;0.1;bus_stop_5
req-91-255596017_1;2.0924;2.1924;0.1;bus_stop_5
req-93-9983238121_1;2.0942;2.1942;0.1;bus_stop_5
req-79-9279408578_2;2.099;2.199;0.1;bus_stop_6
req-90-12146782_1;2.0992;2.1992;0.1;bus_stop_6
req-90-2569086944_1;2.1121;2.2121;0.1;bus_stop_6
req-94-11378562273_1;2.1162;2.2162;0.1;bus_stop_6
req-64-10915667292_3;2.1182;2.2182;0.1;bus_stop_11
req-98-1451034453_1;2.1219;2.2219;0.1;bus_stop_11
req-98-255191437_1;2.1236;2.2236;0.1;bus_stop_11
req-82-255596094_2;2.1274;2.2274;0.1;bus_stop_11
req-80-255595665_2;2.1279;2.2279;0.1;bus_stop_12
req-98-255191427_1;2.1307;2.2307;0.1;bus_stop_0
req-98-581942025_1;2.1308;2.2308;0.1;bus_stop_0
req-95-255191439_1;2.1319;2.2319;0.1;bus_stop_16
req-66-581942559_3;2.1337;2.2337;0.1;bus_stop_15
req-90-255595834_1;2.1391;2.2391;0.1;bus_stop_0
req-76-581942052_3;2.1432;2.2432;0.1;bus_stop_0
req-82-255596028_2;2.1475;2.2475;0.1;bus_stop_13
req-97-255596055_1;2.1504;2.2504;0.1;bus_stop_13
req-93-12146760_1;2.1538;2.2538;0.1;bus_stop_13
req-93-1371509982_1;2.1539;2.2539;0.1;bus_stop_13
req-93-1371510009_1;2.154;2.254;0.1;bus_stop_12
req-93-12146756_1;2.1541;2.2541;0.1;bus_stop_12
req-81-2569108697_2;2.1561;2.2561;0.1;bus_stop_12
req-97-10915667342_1;2.1572;2.2572;0.1;bus_stop_15
req-73-1432574919_3;2.1638;2.2638;0.1;bus_stop_3
req-62-10915667342_3;2.1783;2.2783;0.1;bus_stop_15
req-87-1371510111_1;2.1791;2.2791;0.1;bus_stop_15
req-99-255190788_1;2.1847;2.2847;0.1;bus_stop_4
req-81-1480037096_2;2.186;2.286;0.1;bus_stop_4
req-88-583490272_2;2.1861;2.2861;0.1;bus_stop_4
req-88-255191427_2;2.1861;2.2861;0.1;bus_stop_4
req-97-255191075_1;2.1871;2.2871;0.1;bus_stop_16
req-69-4414627711_3;2.1879;2.2879;0.1;bus_stop_5
req-70-581942052_3;2.1892;2.2892;0.1;bus_stop_16
req-63-1480037117_3;2.1954;2.2954;0.1;bus_stop_16
req-80-255595599_2;2.1957;2.2957;0.1;bus_stop_3
req-75-1432574901_2;2.2021;2.3021;0.1;bus_stop_3
req-97-255595599_1;2.2041;2.3041;0.1;bus_stop_3
req-78-1432574918_2;2.2078;2.3078;0.1;bus_stop_6
req-89-4414627711_1;2.2113;2.3113;0.1;bus_stop_6
req-90-10915667367_1;2.2122;2.3122;0.1;bus_stop_6
req-91-10915667367_1;2.2123;2.3123;0.1;bus_stop_5
req-92-10915667490_1;2.2126;2.3126;0.1;bus_stop_5
req-87-1371509865_2;2.2139;2.3139;0.1;bus_stop_5
req-99-255190814_1;2.2192;2.3192;0.1;bus_stop_11
req-99-10915667292_1;2.2202;2.3202;0.1;bus_stop_6
req-96-12146756_1;2.2204;2.3204;0.1;bus_stop_1
req-89-255200372_1;2.2312;2.3312;0.1;bus_stop_12
req-89-236864890_1;2.2313;2.3313;0.1;bus_stop_0
req-98-581942058_1;2.2319;2.3319;0.1;bus_stop_0
req-85-1371510173_2;2.2323;2.3323;0.1;bus_stop_16
req-86-12146767_2;2.2336;2.3336;0.1;bus_stop_1
req-96-2447667809_1;2.2352;2.3352;0.1;bus_stop_15
req-71-1371510515_2;2.2381;2.3381;0.1;bus_stop_1
req-71-1371509882_2;2.2383;2.3383;0.1;bus_stop_1
req-67-255595599_3;2.2493;2.3493;0.1;bus_stop_13
req-85-1371510128_2;2.2523;2.3523;0.1;bus_stop_13
req-72-581942559_3;2.259;2.359;0.1;bus_stop_15
req-97-10915667347_1;2.2705;2.3705;0.1;bus_stop_3
req-82-2569086797_3;2.2776;2.3776;0.1;bus_stop_0
req-83-9983238121_2;2.2789;2.3789;0.1;bus_stop_0
req-99-2923311197_1;2.2865;2.3865;0.1;bus_stop_13
req-77-255190984_2;2.2894;2.3894;0.1;bus_stop_13
req-95-583490272_2;2.2922;2.3922;0.1;bus_stop_5
req-79-2447667809_3;2.2993;2.3993;0.1;bus_stop_3
req-74-236868307_2;2.3012;2.4012;0.1;bus_stop_15
req-92-1432574919_2;2.3032;2.4032;0.1;bus_stop_15
req-83-1371510515_2;2.3087;2.4087;0.1;bus_stop_6
req-86-1371509865_2;2.3235;2.4235;0.1;bus_stop_1
req-78-1432574941_2;2.3276;2.4276;0.1;bus_stop_3
req-93-1371510009_2;2.3343;2.4343;0.1;bus_stop_1
req-93-12146760_2;2.3344;2.4344;0.1;bus_stop_3
req-96-9143229520_2;2.3353;2.4353;0.1;bus_stop_15
req-84-236868307_2;2.3385;2.4385;0.1;bus_stop_0
req-92-1371509865_2;2.3433;2.4433;0.1;bus_stop_0
req-68-2569086780_3;2.3512;2.4512;0.1;bus_stop_13
req-90-255595921_2;2.3624;2.4624;0.1;bus_stop_13
req-85-12146767_2;2.3789;2.4789;0.1;bus_stop_15
req-88-255191439_3;2.3864;2.4864;0.1;bus_stop_3
req-95-255191427_2;2.3922;2.4922;0.1;bus_stop_0
req-86-1371510111_2;2.3939;2.4939;0.1;bus_stop_0
req-93-9983238121_2;2.3942;2.4942;0.1;bus_stop_1
req-83-1371509882_2;2.3988;2.4988;0.1;bus_stop_1
req-87-12146767_2;2.424;2.524;0.1;bus_stop_1
req-81-255190815_3;2.4262;2.5262;0.1;bus_stop_3
req-94-1480037155_2;2.4464;2.5464;0.1;bus_stop_1
req-90-12146784_2;2.4493;2.5493;0.1;bus_stop_0
req-96-9279408578_2;2.4606;2.5606;0.1;bus_stop_0
req-89-236864890_2;2.4614;2.5614;0.1;bus_stop_3
req-97-2569086780_2;2.4643;2.5643;0.1;bus_stop_3
req-77-581942559_3;2.4696;2.5696;0.1;bus_stop_15
req-98-581942026_2;2.4722;2.5722;0.1;bus_stop_15
req-98-581942052_2;2.4724;2.5724;0.1;bus_stop_15
req-91-1432574832_2;2.4726;2.5726;0.1;bus_stop_10
req-98-1451034425_2;2.4925;2.5925;0.1;bus_stop_0
req-78-1432574901_3;2.4978;2.5978;0.1;bus_stop_0
req-89-236868307_2;2.5015;2.6015;0.1;bus_stop_15
req-75-1432574918_3;2.5023;2.6023;0.1;bus_stop_3
req-99-255190788_2;2.5204;2.6204;0.1;bus_stop_1
req-80-255595787_3;2.5259;2.6259;0.1;bus_stop_1
req-99-10915667297_2;2.5267;2.6267;0.1;bus_stop_1
req-87-1371510111_2;2.5494;2.6494;0.1;bus_stop_0
req-95-255191439_3;2.5524;2.6524;0.1;bus_stop_1
req-84-4414627711_3;2.5786;2.6786;0.1;bus_stop_0
req-97-255191075_2;2.6007;2.7007;0.1;bus_stop_0
req-74-1469068934_3;2.6014;2.7014;0.1;bus_stop_0
req-86-1371509882_3;2.6041;2.7041;0.1;bus_stop_10
req-92-1432574901_2;2.6129;2.7129;0.1;bus_stop_10
req-71-12146767_3;2.6286;2.7286;0.1;bus_stop_10
req-93-1371509982_3;2.6344;2.7344;0.1;bus_stop_10
req-89-1469068934_3;2.6417;2.7417;0.1;bus_stop_1
req-94-2569086712_3;2.6665;2.7665;0.1;bus_stop_0
req-91-255596017_3;2.6829;2.7829;0.1;bus_stop_0
req-90-12146782_3;2.6995;2.7995;0.1;bus_stop_1
req-85-1371510515_3;2.7291;2.8291;0.1;bus_stop_0
req-98-581942058_3;2.7527;2.8527;0.1;bus_stop_0
req-87-1371509882_3;2.7596;2.8596;0.1;bus_stop_1
req-83-12146767_3;2.7791;2.8791;0.1;bus_stop_0
req-97-10915667342_3;2.8009;2.9009;0.1;bus_stop_0
req-92-1432574918_3;2.8131;2.9131;0.1;bus_stop_1
req-96-2447667809_3;2.8209;2.9209;0.1;bus_stop_1
req-99-10915667292_3;2.8269;2.9269;0.1;bus_stop_1
